Article Title,Article Link,Article Text,Article Summary,Article Image
Gujarat UCC Bill gets President Murmu’s nod paving way for implementation,https://timesofindia.indiatimes.com/india/gujarat-ucc-bill-gets-president-murmus-nod-paving-way-for-implementation/articleshow/134635734.cms,"President Murmu gives assent to Gujarat UCC Bill, state becomes second after Uttarakhand

Join conversation View All Comments → Share your thoughts in the comments Insightful Agree Disagree Skeptical Concerning Promising Worth Reading Big Development Post Comment Be respectful · TOI community guidelines

NEW DELHI: President Droupadi Murmu has given her assent to the Gujarat Uniform Civil Code Bill, 2026, completing the key legal process required for the state to enact the law.The Gujarat assembly had earlier passed the Gujarat Uniform Civil Code Bill, 2026, making the state the second in India after Uttarakhand to pass legislation seeking to implement a Uniform Civil Code. However, the provisions of the bill will not apply to members of Scheduled Tribes (STs).While tabling the bill in the Assembly, chief minister Bhupendra Patel had said that the UCC was among the key reforms that Prime Minister Narendra Modi was determined to implement. ""The key aim of introducing the bill is to ensure social harmony and national unity. The Supreme Court has also suggested that UCC will ensure women's rights are secured,"" the CM said.The bill proposes mandatory registration of marriages and divorces, with a fine of up to Rs 10,000 for non-compliance.It also makes registration of all live-in relationships compulsory, while requiring couples to notify authorities when such relationships end. Children born from live-in relationships will be considered legitimate children of the couple, while women deserted by their live-in partners will be entitled to seek maintenance, according to the bill.The legislation bans polygamy and provides for up to seven years' imprisonment for marriages conducted through coercion or force. Divorce through any means other than a court decree will be punishable with up to three years in prison.The bill also allows divorced couples to remarry without conditions and prohibits the practice of `halala' in certain communities.","President Droupadi Murmu has given her assent to the Gujarat Uniform Civil Code Bill, 2026. Bill proposes mandatory registration of marriages and divorces, with a fine of up to Rs 10,000 for non-compliance. Bill also allows divorced couples to remarry without conditions and prohibits the practice of `halala'","https://static.toiimg.com/thumb/msid-134635769,imgsize-87006,width-400,height-225,resizemode-4/file-photo.jpg"
Centre identifies 28 spots in Ladakh for inclusion on official Survey of India map,https://timesofindia.indiatimes.com/india/centre-identifies-28-spots-in-ladakh-for-inclusion-on-official-survey-of-india-map/articleshow/134634531.cms,"28 spots identified in Ladakh for inclusion on official Survey of India map

Standard names for Ladakh’s geographical features

Gogra, Hot Spring among identified features

Join conversation View All Comments → Share your thoughts in the comments Insightful Agree Disagree Skeptical Concerning Promising Worth Reading Big Development Post Comment Be respectful · TOI community guidelines

NEW DELHI: The Centre has identified and standardised 28 places and geographical features in Ladakh by their official place and feature names for inclusion on the Survey of India (SoI) map, the Ministry of Home Affairs said on Thursday.The exercise was carried out in consultation with the Union Territory administration of Ladakh and is aimed at ensuring accurate recognition of the locations and creating greater awareness about them, the ministry said, news agency ANI reported.The 28 identified locations include peaks, mountains, passes, glaciers, valleys, rivers, lakes, water bodies and land areas.The list includes Atisha Giri, Kanishka Peak, Martand Giri, Zorawar Peak, Rinchen Zangpo, Sakyasri Giri, Marpa Lotsava Ri, Milarepa Kangri, Shiva Ri and Maheshvara Ri among the peaks.Karun Pir, Drak Karpo and Jolmori have been identified as mountains, while Chapchingal Pass and Shachmirk Pass have been designated as passes. Parpik and Skamri have been identified as glaciers, while Shkorga Valley and Yangpa River are also among the features formally recorded.The list also includes Gogra, Dehra Compass, Brangsa, Kuksel, Kumarayana Point, Panglung and Shamal Lungpa as land areas. Guru Rinpoche has been identified as a lake, while Hot Spring has been listed as a water body.The standardisation of geographical names is part of maintaining official cartographic records and ensuring consistency in the names used for geographical features across government maps and records.The exercise also covers strategically significant locations in Ladakh, including Gogra and Hot Spring, which were among the friction points during the India-China border standoff in eastern Ladakh.The Survey of India, the country's national mapping agency, is responsible for surveying, mapping and preparing official maps of India. The formal inclusion of the 28 locations is expected to provide standard references for the features and improve public awareness of their names and locations.","The Centre has identified and standardised 28 places and geographical features in Ladakh by their official place and feature names. The exercise was carried out in consultation with the Union Territory administration of Ladakh. The 28 identified locations include peaks, mountains, passes, glaciers, valleys, rivers, lakes and land areas.","https://static.toiimg.com/thumb/msid-134635703,imgsize-106415,width-400,height-225,resizemode-4/ministry-of-home-affairs.jpg"
"Watch: Tamil Nadu CM Vijay plays bus conductor, hands out tickets after expanding free travel scheme",https://timesofindia.indiatimes.com/india/watch-tamil-nadu-cm-vijay-plays-bus-conductor-hands-out-tickets-after-expanding-free-travel-scheme/articleshow/134634017.cms,"CM Vijay personally handed out free tickets to women.

What is Vettri Payanam scheme?

Join conversation View All Comments → Share your thoughts in the comments Insightful Agree Disagree Skeptical Concerning Promising Worth Reading Big Development Post Comment Be respectful · TOI community guidelines

Poll Vote & Share your view Which aspect of the Vettri Payanam scheme do you find most beneficial? Free travel for women. Inclusivity for transgender people. No income ceiling. Support for education and employment. 3k+ users shared opinion today 5k+ users already voted today 3k+ users shared opinion today Share Opinion

NEW DELHI: Tamil Nadu chief minister C Joseph Vijay on Friday launched the expanded 'Vettri Payanam Thittam', extending free bus travel to more categories of services for women and transgender people across the state.Marking the launch on Gandhi Jayanti, Vijay travelled by bus in Chennai, interacted with passengers and personally handed out free tickets to women.In a light-hearted moment, college students travelling on the bus were also seen sharing Dairy Milk chocolates with the chief minister.The expanded scheme is expected to benefit around 84.32 lakh women every day. Beneficiaries can travel free of cost on 12,695 buses operated by seven state transport corporations, including services in the express and deluxe categories.There is no income ceiling to avail the scheme and no limit on the number of trips a beneficiary can make in a day, the state government said.The scheme, whose name is derived from the ruling Tamilaga Vettri Kazhagam (TVK), meaning “victorious journey”, was earlier limited to certain categories of buses. The expanded facility now covers express, deluxe, mofussil ordinary and certain Ghat-area services.Earlier, transport minister A Vijay Tamilan Parthiban said the scheme aims to support the education, employment, livelihoods and economic empowerment of women and transgender people by ensuring that transportation costs do not become a barrier to their progress.He said the initiative was also aimed at promoting equality, adding that there should be no distinction in travel rights.Parthiban described the scheme as a “social revolution” that would help women become more independent, step out of their homes and contribute to the state’s growth.""The launch is also meant to honour the principles of social justice and women's empowerment, to facilitate their participation in the economy and society, ensuring that transportation costs do not hinder their access to education, employment, or healthcare,"" the minister added.","The expanded scheme is expected to benefit around 84.32 lakh women every day. Beneficiaries can travel free of cost on 12,695 buses operated by seven state transport corporations. There is no income ceiling to avail the scheme and no limit on number of trips a beneficiary can make in a day.","https://static.toiimg.com/thumb/msid-134634553,imgsize-6427220,width-400,height-225,resizemode-4/vijay.jpg"
"Weather tomorrow: Heavy rain likely in TN, Kerala, Karnataka; gusty winds to hit Andhra, Odisha",https://timesofindia.indiatimes.com/city/delhi/weather-tomorrow-heavy-rain-likely-in-tn-kerala-karnataka-gusty-winds-to-hit-andhra-odisha/articleshow/134609406.cms,"Uttarakhand, however, is likely to receive isolated to scattered rainfall on October 1 and 2, with another spell expected during October 5-6.

IMD alert for Friday

Delhi-NCR weather tomorrow

UP weather tomorrow

Jharkhand, Bihar and Odisha weather

Northeast

weather forecast

Central India forecast

West India forecast

South India weather

IMD's latest forecast for the next few days

Poll Vote & Share your view Are you prepared for thunderstorms and heavy winds in your area this weekend? Yes, I have taken precautions. No, but I plan to. No, I don't think it's necessary. 3k+ users shared opinion today 5k+ users already voted today 3k+ users shared opinion today Share Opinion





NEW DELHI: The India Meteorological Department (IMD) has forecast isolated to scattered rainfall across several parts of India on Friday, with Kerala, Coastal Karnataka, Tamil Nadu, Karnataka and parts of the northeast likely to receive rain. Heavy rainfall is also expected at isolated places in parts of south India and Arunachal Pradesh.Thunderstorms, lightning and gusty winds are likely over several southern and northeastern regions. Coastal Andhra Pradesh and Yanam, Rayalaseema and parts of Karnataka may also experience strong surface winds.Delhi and neighbouring areas are not mentioned in the latest forecast for any significant rainfall activity on Friday.The IMD has forecast isolated to scattered rainfall over several parts of northwest, central, eastern, northeastern and western India on Friday.In the east, rainfall is likely over Andaman & Nicobar Islands, Gangetic West Bengal, Odisha and Sub-Himalayan West Bengal and Sikkim. Jharkhand may also receive isolated to scattered rainfall.In the northeast, Arunachal Pradesh and Assam and Meghalaya are likely to receive rainfall, while Nagaland, Manipur, Mizoram and Tripura may also see showers.Thunderstorms and lightning are likely over parts of the region.The latest forecast does not mention any significant rainfall activity for Delhi-NCR on Friday.The IMD has forecast isolated to scattered rainfall over Uttarakhand during October 1-2, while Jammu and Kashmir, Ladakh, Gilgit-Baltistan and Muzaffarabad are likely to receive rainfall during October 5-6.The latest forecast does not mention significant rainfall over Uttar Pradesh on Friday.Uttarakhand, however, is likely to receive isolated to scattered rainfall on October 1 and 2, with another spell expected during October 5-6.Odisha is likely to receive isolated to scattered rainfall on Friday. The state may also experience thunderstorms, lightning and gusty winds, with winds reaching 30-40 kmph and gusting to 50 kmph.Jharkhand is likely to receive isolated to scattered rainfall on Friday.Bihar is expected to see rainfall from October 3, while thunderstorms, lightning and gusty winds are likely over the state during October 4-6.Arunachal Pradesh, Assam and Meghalaya are likely to receive isolated to scattered rainfall on Friday. Nagaland, Manipur, Mizoram and Tripura may also see showers.Thunderstorms and lightning are likely over Arunachal Pradesh, Assam and Meghalaya, as well as Nagaland, Manipur, Mizoram and Tripura on Friday.Arunachal Pradesh may receive isolated heavy rainfall during October 3-4, while Nagaland, Manipur, Mizoram and Tripura may see isolated heavy rainfall on October 1.East Madhya Pradesh is likely to receive isolated to scattered rainfall on Friday, with the spell expected to continue through October 3.Chhattisgarh is likely to see isolated to scattered rainfall from October 2-6, while Vidarbha may receive rainfall during October 5-6.Konkan and Goa and Madhya Maharashtra are likely to receive isolated to scattered rainfall from October 1-6.Gujarat and Saurashtra and Kutch may receive isolated to scattered rainfall on Friday.South India is likely to remain active on the rainfall front on Friday, with Kerala and Mahe expected to receive fairly widespread to widespread rainfall through October 6.Coastal Karnataka is likely to receive fairly widespread to widespread rainfall on Friday, while South Interior Karnataka may also see widespread rainfall.Isolated heavy rainfall is likely over Coastal Karnataka, South Interior Karnataka and Tamil Nadu, Puducherry and Karaikal on Friday. Kerala and Mahe may also receive isolated heavy rainfall on Friday and Saturday.Tamil Nadu, Puducherry and Karaikal are likely to experience thunderstorms, lightning and gusty winds on October 1-2, with winds reaching 40-50 kmph and gusting to 60 kmph.Kerala and Mahe may also see thunderstorms, lightning and gusty winds on October 1-2.Rayalaseema is likely to experience thunderstorms, lightning and gusty winds from October 1-4. Coastal Andhra Pradesh and Yanam may also see similar conditions during October 1-4.North Interior Karnataka and South Interior Karnataka are likely to experience gusty winds reaching 30-40 kmph and gusting to 50 kmph on Friday.Strong surface winds are likely over Coastal Andhra Pradesh and Yanam and Rayalaseema on Friday.Rainfall activity is expected to continue across parts of southern, northeastern, eastern and western India over the next few days.Kerala and Mahe are likely to receive fairly widespread to widespread rainfall through October 6. Coastal Karnataka is expected to see widespread rainfall on October 1-2, while South Interior Karnataka may receive widespread rainfall on October 1.In the northeast, Arunachal Pradesh and Assam and Meghalaya are likely to remain under an isolated to scattered rainfall spell through October 6. Nagaland, Manipur, Mizoram and Tripura may receive rainfall during October 1-6.In central India, Chhattisgarh is likely to receive isolated to scattered rainfall during October 2-6, while Vidarbha may see showers on October 5-6.In northwest India, Uttarakhand may receive isolated to scattered rainfall on October 1-2 and again on October 5-6. Jammu and Kashmir, Ladakh, Gilgit-Baltistan and Muzaffarabad are likely to see rainfall during October 5-6.","The India Meteorological Department (IMD) has forecast isolated to scattered rainfall across several parts of India on Friday. Heavy rainfall is also expected at isolated places in parts of south India and Arunachal Pradesh. Thunderstorms, lightning and gusty winds are likely over several southern and northeastern regions.","https://static.toiimg.com/thumb/msid-134609736,imgsize-206500,width-400,height-225,resizemode-75/uttarakhand-however-is-likely-to-receive-isolated-to-scattered-rainfall-on-october-1-and-2-with-another-spell-expected-during-october-5-6.jpg"
"'Had productive conversation': PM Modi speaks with US President Trump on trade, defence, energy",https://timesofindia.indiatimes.com/india/had-productive-conversation-pm-modi-speaks-with-us-president-trump-on-trade-defence-energy/articleshow/134596156.cms,"Join conversation View All Comments → Share your thoughts in the comments Insightful Agree Disagree Skeptical Concerning Promising Worth Reading Big Development Post Comment Be respectful · TOI community guidelines

NEW DELHI: Prime Minister Narendra Modi on Wednesday said that he had a ""productive conversation"" with US President Donald Trump and reviewed bilateral cooperation between New Delhi and Washington in various sectors.In a social media post on X, PM Modi said the leaders agreed to maintain close engagement to take their Comprehensive Global Strategic Partnership forward.""Had a productive conversation with President Trump. We reviewed our bilateral cooperation in trade, defence, energy, critical technologies and other areas. We agreed to maintain close engagement to take our Comprehensive Global Strategic Partnership forward,"" PM Modi said.""We also exchanged views on regional and international issues, including ongoing efforts to advance global peace and security,"" he added.The two leaders agreed to remain in touch as both sides continue to deepen the strategic partnership.This comes days after Trump signed into law a sweeping sanctions package targeting Russia and Iran and giving his administration expanded powers to penalise countries that continue buying Russian oil and gas, including India.The legislation is particularly significant for India because it gives Trump the authority to impose tariffs of up to 100 per cent on imports from the five largest buyers of Russian oil or natural gas.India and China are among the major purchasers of Russian crude.Earlier in September, the ministry of external affairs warned the US of the legislation's potential impact on the US-India relationship.""This issue has been discussed at high levels in recent months with various US interlocutors. Its potential implications for not just the bilateral relationship but also the international energy market have been very clearly articulated by the Indian side,"" the ministry had said.","Prime Minister Narendra Modi says he had a ""productive conversation"" with US President Donald Trump. The two leaders agreed to maintain close engagement to take their Comprehensive Global Strategic Partnership forward. This comes days after Trump signed into law a sweeping sanctions package targeting Russia and Iran.","https://static.toiimg.com/thumb/msid-134596159,imgsize-94522,width-400,height-225,resizemode-4/prime-minister-narendra-modi-and-us-president-donald-trump.jpg"
"Delhi riots case: High court rejects bail pleas Of Umar Khalid, Sharjeel Imam",https://timesofindia.indiatimes.com/india/delhi-riots-case-high-court-rejects-bail-pleas-of-umar-khalid-sharjeel-imam/articleshow/134584125.cms,"Umar Khalid, Sharjeel Imam denied bail by high court

Join conversation View All Comments → Share your thoughts in the comments Insightful Agree Disagree Skeptical Concerning Promising Worth Reading Big Development Post Comment Be respectful · TOI community guidelines

NEW DELHI: The Delhi High Court has refused to grant bail to Umar Khalid and Sharjeel Imam in the UAPA case related to the 2020 Delhi riots.Senior Advocate Trideep Pais, appearing for Umar Khalid, submitted that there had been three “small changes in circumstances” since the earlier proceedings. He also referred the court to a Supreme Court judgment in support of his submissions.Pais pointed out that charges have not yet been framed in the case and, consequently, prosecution witnesses are yet to be examined. The court also noted that the charges were yet to be framed.Pais further submitted that a Special Leave Petition (SLP) is pending before the Supreme Court and that the trial court has indicated it would await the Supreme Court’s order. He then continued his submissions by referring to the Supreme Court judgment.Khalid and Imam had approached the Delhi High Court earlier this year after their bail applications were dismissed by the trial court for the third time on July 4. Imam was arrested in the case on August 25, 2020, while Khalid was arrested on September 13, 2020.The Delhi Police has opposed their bail pleas in the high court, asserting that the two were “masterminds” of the riots, PTI reported.The police argued that they could not seek bail on parity with other co-accused, stating that the Supreme Court had earlier categorised them as being part of the “command authority” and held that their “risk profiles” justified “continuing detention”.The police also argued that the present bail pleas were in the teeth of the Supreme Court’s January 5 order, which directed them to seek release only after the examination of protected witnesses was completed or after one year, whichever was earlier.On July 4, the trial court rejected Khalid’s bail application, saying it had “no option but to follow” the Supreme Court’s January 5 order and could therefore neither entertain the plea nor grant him relief.On September 2, 2025, a Delhi High Court division bench denied bail to Khalid and Imam. The Supreme Court upheld the verdict on January 5 but granted relief to co-accused Gulfisha Fatima, Meeran Haider, Shifa Ur Rehman, Mohammad Saleem Khan and Shadab Ahmad.A bench of Justice Aravind Kumar and Justice NV Anjaria had observed that there was a prima facie case against Khalid and Imam under the UAPA.On May 22, the Supreme Court granted six months’ interim bail to co-accused Abdul Khalid Saifi and Tasleem Ahmad, while referring to a larger bench the issue of prolonged incarceration of undertrials under the UAPA due to the stringent conditions for granting bail.","Delhi High Court refuses to grant bail to Umar Khalid and Sharjeel Imam in the UAPA case related to the 2020 Delhi riots. Delhi Police has opposed their bail pleas in the high court, asserting that the two were “masterminds” of the riots.","https://static.toiimg.com/thumb/msid-134584168,imgsize-86154,width-400,height-225,resizemode-4/file-photo.jpg"
"Supreme Court judges decline to meet parliamentary panel on one-nation, one-election",https://timesofindia.indiatimes.com/india/supreme-court-judges-decline-to-meet-parliamentary-panel-on-one-nation-one-election/articleshow/134629478.cms,"The bill, which proposes simultaneous Lok Sabha and assembly polls, was introduced in the Lok Sabha in Dec 2024 and was sent to the committee. Opposition parties are critical of the bill, alleging that it is unconstitutional and violates federal rights.

Join conversation View All Comments → Share your thoughts in the comments Insightful Agree Disagree Skeptical Concerning Promising Worth Reading Big Development Post Comment Be respectful · TOI community guidelines

May become matter of judicial review: SC wrote to ONOE panel

NEW DELHI: The Supreme Court has declined to meet the parliamentary committee, which is examining a Constitution amendment bill proposing simultaneous elections, saying it will not be desirable for senior judges to discuss the matter as the proposed amendment might become a subject matter of judicial review.A communication from the secretary general of the Supreme Court to the committee said the proposal for an informal discussion by the joint committee to examine Constitution (129th Amendment) Bill, 2024, and the UT Laws (Amendments Bill, 2024) on the subject of simultaneous elections with Chief Justice of India Surya Kant and other judges on Oct 6 was discussed among the senior judges.A communication from the secretary general of SC said, “They are of the opinion that as the proposed amendment might become a subject matter of judicial review before SC, it may not be expedient or desirable to discuss the issue on the administrative side. The proposed meeting is accordingly cancelled.”As SC declined, the committee, which is headed by BJP MP P P Chaudhary, wrote to its members that the scheduled meeting has been cancelled.Opposition MP Kapil Sibal had criticised the proposed meeting, suggesting that it was a violation of the doctrine of separation of powers.The bill, which proposes simultaneous Lok Sabha and assembly polls, was introduced in the Lok Sabha in Dec 2024 and was sent to the committee. Opposition parties are critical of the bill, alleging that it is unconstitutional and violates federal rights.BJP and its allies have, however, backed the idea, saying a continuous cycle of elections hampers development, and simultaneous elections will also boost economic growth.","The bill, which proposes simultaneous Lok Sabha and assembly polls, was introduced in the Lok Sabha in Dec 2024 and was sent to the committee. Opposition parties are critical of the bill, alleging that it is unconstitutional and violates federal rights. Opposition MP Kapil Sibal had criticised the proposed meeting, suggesting it was a violation of the doctrine of separation of powers.","https://static.toiimg.com/thumb/msid-134629491,imgsize-133154,width-400,height-225,resizemode-4/supreme-court-collegium-recommends-3-hc-judges-for-elevation-to-apex-court.jpg"
‘Portal not in accordance with law’: Congress accuses Election Commission of ‘lying’ over ECINet,https://timesofindia.indiatimes.com/india/portal-not-in-accordance-with-law-congress-accuses-election-commission-of-lying-over-ecinet/articleshow/134633526.cms,"Congress MP Jairam Ramesh; CEC Gyanesh Kumar

Join conversation View All Comments → Share your thoughts in the comments Insightful Agree Disagree Skeptical Concerning Promising Worth Reading Big Development Post Comment Be respectful · TOI community guidelines

NEW DELHI: The Congress on Friday accused the Election Commission (EC) of “lying” about its ECINet portal, alleging that the platform was not in accordance with the law.Congress MP Jairam Ramesh also questioned the ""intentions"" of Chief Election Commissioner (CEC) Gyanesh Kumar, describing them as “not honest.”“In its damage-control but actually damage-enhancing press note on September 26, 2026, the Election Commission of India had promised a committee to certify that the legally suspect ECINet ‘complies with the provisions of the Acts and Rules’. In reality, this should never have been in doubt at all in the first place if the intentions of the CEC Gyanesh Kumar were honest—which they were not,” Ramesh wrote on X.He was referring to the poll panel’s statement last week, issued days after The Indian Express reported that Election Commissioners Sukhbir Singh Sandhu and Vivek Joshi had objected on record at least 14 times over the previous 10 months to decisions and orders related to the Special Intensive Revision (SIR), which they maintained had been issued without their knowledge or recommendation.“ECINet was launched on January 22, 2026, with much fanfare to ‘enhance transparency, credibility and public trust’. The ECI press note issued that day assured the country that it ‘has been developed in strict accordance with the law’ and in full compliance with the Constitution of India, the Representation of the People Acts, 1950 and 1951, and the Registration of Electors Rules, 1960,” Ramesh wrote.“All of this was a lie,” he added.Ramesh further accused the EC of ""violating"" laws governing the electoral process.“By restricting Electoral Registration Officers’ (EROs) access to the ECINet voter-roll system and overruling EROs in states such as Goa and West Bengal, among others, the ECI under the CEC has violated the Representation of the People Act, 1950, and the Registration of Electors Rules, 1960. Both laws establish that EROs have statutory authority over electoral rolls,” he posted.The Congress-led opposition INDIA bloc on Wednesday announced joint “Save Democracy” marches across all districts and five major rallies. It also called for future elections to be conducted using ballot papers and urged the Supreme Court to expedite cases concerning the Special Intensive Revision (SIR) and alleged electoral “malpractices”.At a meeting attended by leaders of 19 political parties, the opposition grouping decided that all its MPs would march to the Election Commission on October 6, while its leaders would meet the President to raise concerns over alleged irregularities in voter-list revisions.The opposition bloc also discussed demanding the Chief Election Commissioner’s resignation and declared that it would not relent until he was removed from office.","Congress MP Jairam Ramesh also questioned the ""intentions"" of Chief Election Commissioner (CEC) Gyanesh Kumar. The Congress-led opposition INDIA bloc on Wednesday announced joint “Save Democracy” marches across all districts and five major rallies.","https://static.toiimg.com/thumb/msid-134633973,imgsize-89910,width-400,height-225,resizemode-4/congress-mp-jairam-ramesh-cec-gyanesh-kumar.jpg"
Multiple Indian payloads reach orbit aboard SpaceX’s Falcon 9,https://timesofindia.indiatimes.com/india/multiple-indian-payloads-reach-orbit-aboard-spacexs-falcon-9/articleshow/134632393.cms,"SpaceX Falcon 9 launches multiple Indian payloads into orbit (representational image)

Join conversation View All Comments → Share your thoughts in the comments Insightful Agree Disagree Skeptical Concerning Promising Worth Reading Big Development Post Comment Be respectful · TOI community guidelines

BENGALURU: Multiple Indian payloads, representing four space startups, reached orbit aboard SpaceX’s Falcon 9 rocket, which lifted off at 12:02 am IST on Friday (October 2) as part of the Transporter-18 rideshare mission.The mission carried satellites developed by Dhruva Space and TakeMe2Space, along with payloads from SatLeo Labs and EON Space Labs. The payloads will demonstrate technologies for thermal imaging, Earth observation and artificial intelligence (AI)-based data processing in orbit.Dhruva’s LEAP-2 satellite, its second commercial mission using the P-30 satellite platform, was successfully deployed into orbit at 1 am IST. It hosts two in-orbit demonstration payloads: a star tracker developed by France-based Sodern, part of ArianeGroup, and TAPAS-1, developed by SatLeo Labs.SatLeo describes TAPAS-1, or Thermal Access Platform for Analytics & Solutions, as India’s first dedicated commercial thermal payload. The CubeSat-category payload uses thermal infrared sensing to capture temperature information that conventional optical satellite imagery cannot directly provide.The mission will validate its thermal sensing technology, payload performance and data-processing capabilities in orbit.“Most satellites show us what the Earth looks like, TAPAS-1 will show us how it behaves by revealing temperature patterns that ordinary payloads cannot see,” said Shravan Bhati, co-founder and CEO, SatLeo Labs.Dhruva Space also undertook the end-to-end integration of LEAP-2 with the Falcon 9 launch vehicle. The company said this builds on its work on LEAP-1, through which it became the first Indian private company to undertake the launch vehicle integration of its satellite in-house.“This extends our role beyond satellite manufacturing into launch integration and end-to-end mission delivery, reinforcing its full-stack Space engineering approach. LEAP-2 will also be supported by our growing global ground infrastructure, including its owned and operated ground station in Luleå, Sweden; the first non-govt entity owned and operated ground station outside India, authorised by the GoI to provide Ground-Station-as-a-Service,” the firm added.TakeMe2Space’s 14-kg MOI-1A satellite is designed to allow customers to run AI models on Earth-observation data directly in orbit. It carries onboard computing capacity of 117 trillion operations per second (TOPS), 2 TB of storage and a nine-band multispectral imager. Processing imagery in space could reduce the need to transmit large volumes of raw data to Earth, with potential applications in agriculture, mining and supply-chain intelligence.MOI-1A follows TakeMe2Space’s 2024 MOI-TD technology demonstration, which validated onboard AI inference and data processing. The company said it had signed up 23 customers for its in-orbit inference services.MOI-1A also carried MIRA, a 502-g optical telescope developed by EON Space Labs. “A compact optical telescope engineered for space imaging. It delivers high-resolution Earth observation with exceptional stability and thermal robustness,” EON describes the payload.MIRA is a pathfinder for a planned small satellite constellation. Its flight comes after the loss of the PSLV-C62 mission on Jan 12, which had affected the company’s earlier launch plans.“Satellites collect vast amounts of data, but much of it still has to reach the ground before it can be turned into useful information. With MOI-1A, customers will be able to run their AI models directly in orbit and receive the insights they need, without downloading all the raw imagery. This mission is an important step towards making computing in space a service that businesses can use,” Ronak Kumar Samantray, founder and CEO, TakeMe2Space, said.","Multiple Indian payloads, representing four space startups, reached orbit aboard SpaceX’s Falcon 9 rocket. The mission carried satellites developed by Dhruva Space and TakeMe2Space, along with payloads from SatLeo Labs and EON Space Labs. The payloads will demonstrate technologies for thermal imaging, Earth observation and artificial intelligence-based data processing in orbit.","https://static.toiimg.com/thumb/msid-134632453,imgsize-39994,width-400,height-225,resizemode-4/a-spacex-falcon-heavy-rocket.jpg"
'You're public servants': Bombay HC raps casual approach of government officials,https://timesofindia.indiatimes.com/india/youre-public-servants-bombay-hc-raps-casual-approach-of-government-officials/articleshow/134629470.cms,"Bombay HC

Government officials are ""public servants, not masters"", Bombay HC has observed, questioning a ""casual approach"" by a senior bureaucrat for not complying with its order to inquire into a petitioner's alleged unresolved employment conditions.Justices Anil Pansare and Nivedita Mehta of the high court's Nagpur bench on Tuesday asked the rural development & panchayat raj department's secretary to file an affidavit by Oct 6, explaining why the court's Aug 31 directions were not followed in their true spirit.","Justices Anil Pansare and Nivedita Mehta of the high court's Nagpur bench asked the rural development & panchayat raj department's secretary to file an affidavit by Oct 6, explaining why the court's Aug 31 directions were not followed in their true spirit.","https://static.toiimg.com/thumb/msid-134629472,imgsize-1303302,width-400,height-225,resizemode-4/bombay-hc.jpg"
"Supreme Court refuses to de-freeze TMC accounts, says let Calcutta high court decide",https://timesofindia.indiatimes.com/india/supreme-court-refuses-to-de-freeze-tmc-accounts-says-let-calcutta-high-court-decide/articleshow/134629443.cms,"In its petition, the Mamata faction said it urgently required funds to meet expenses that would arise from preparations for the bypolls.

Join conversation View All Comments → Share your thoughts in the comments Insightful Agree Disagree Skeptical Concerning Promising Worth Reading Big Development Post Comment Be respectful · TOI community guidelines

NEW DELHI: The Supreme Court on Thursday rejected a petition by Mamata Banerjee-headed TMC faction seeking de-freezing of its three bank accounts on grounds that the party required funds to carry out political activities, such as holding rallies and meetings.Challenging Calcutta HC's order allowing only meeting of day-to-day expenses of the party from these accounts, senior advocate A M Singhvi said the party's three Indian Bank accounts, which have been given a clean chit by the Enforcement Directorate (ED) in a separate proceeding, should be allowed to be operated by the party.Solicitor general Tushar Mehta, appearing for West Bengal govt, told a bench of Justices M M Sundresh and P B Varale that the accounts in question are frozen based on the FIR lodged by the state police, as there is evidence that Rs 35 crore, generated from the fraudulent sale of government land after it was misrepresented as private land by Abhishek Banerjee's PS Sumit Roy, was deposited in these bank accounts.Mehta also mentioned there is a plea pending before the EC as to which is the real TMC, the faction headed by Mamata or the rival group, adding that the EC has frozen the party symbol and allotted both factions ad hoc symbols to contest bypolls.The bench said it would not examine merits of the case as it is l pending with HC, which in the interim has already rejected the plea for de-freezing the accounts. It requested the HC to expedite adjudication of the pending petition on the issue.In its petition, the Mamata faction said it urgently required funds to meet expenses that would arise from preparations for the bypolls.Referring to an earlier ED proceeding freezing its three HDFC bank accounts, TMC said, ""The FIR does not pertain to its Indian Bank accounts as no transaction is linked to the four bank accounts to the alleged offence.Successive and progressive freezing of TMC's bank accounts indicates mala fide use of power by state authorities to paralyse operations of a nationally recognised party.""","Supreme Court rejects petition by Mamata Banerjee-headed TMC faction seeking de- freezing of its three bank accounts. In its petition, the Mamata faction said it urgently required funds to meet expenses that would arise from preparations for bypolls.","https://static.toiimg.com/thumb/msid-134629453,imgsize-85790,width-400,height-225,resizemode-4/mamatas-sit-in-protest.jpg"
PFRDA eyes plan for funds to invest directly in infrastructure,https://timesofindia.indiatimes.com/india/pfrda-eyes-plan-for-funds-to-invest-directly-in-infrastructure/articleshow/134629424.cms,"PFRDA expects 2-3 crore new NPS subscribers over next two years

Join conversation View All Comments → Share your thoughts in the comments Insightful Agree Disagree Skeptical Concerning Promising Worth Reading Big Development Post Comment Be respectful · TOI community guidelines

NEW DELHI: The Pension Fund Regulatory and Development Authority (PFRDA) is preparing a roadmap to allow entities regulated by it to invest directly in large infrastructure projects, beyond the current mechanism of investing through ReITS, InVITS and alternate investment funds (AIFs), chairman S Raman told TOI.""A committee has been set up to look at the issue, and internal discussions are under way to evolve a mechanism where PFRDA can invest directly in such projects. It will be long, patient capital and may be possible at least five years down the line,"" said Raman on the sidelines of an event on NPS Diwas.Globally, Canadian pension funds are known to invest directly in big infra projects, including in India, and they hold a significant stake in such projects, including through equity. ""All such modalities are being looked into,"" said Raman.At the event, financial services secretary Sanjay Lohiya said that as the domestic ""pension kitty"" grows, people are hopeful that a lot of long-term investment, particularly in infrastructure, will be provided by these pension funds.""Risk, reward and the quality of investment have to be kept in mind, but govt and other stakeholders are hopeful that slowly our pension funds will be able to provide patient capital.""The officer also said that despite the government introducing the Unified Pension Scheme (UPS), which provides an assured and inflation-indexed monthly pension equivalent to 50% of the average basic pay drawn in the last 12 months, most employees covered under NPS ""choose"" not to opt for the scheme.Raman also said that PFRDA is stepping up efforts to expand NPS beyond govt employees and the corporate sector, with focus on informal workers, self-employed people and small business owners. ""PFRDA aims to add two to three crore subscribers to the NPS in the next two years.""","Pension Fund Regulatory and Development Authority (PFRDA) is preparing a roadmap to allow entities regulated by it to invest directly in large infrastructure projects. PFRDA expects 2-3 crore new NPS subscribers over next two years. Canadian pension funds are known to investment directly in big infra projects, including in India.","https://static.toiimg.com/thumb/msid-134629435,imgsize-57466,width-400,height-225,resizemode-4/pfrda-expects-2-3-crore-new-nps-subscribers-over-next-two-years.jpg"
"Government mandates full body scanners at 8 airports; no timeline yet, trials on",https://timesofindia.indiatimes.com/india/government-mandates-full-body-scanners-at-8-airports-no-timeline-yet-trials-on/articleshow/134629419.cms,"(Representative image): The scanners installed for trials are integrated to door-frame metal detectors and the results of the former are matched with what the latter detects during passenger checks.

NEW DELHI: Indian airports may finally see full body scanners (FBS) after several missed deadlines in the past few years due to changing regulatory requirements. Bureau of Civil Aviation Security (BCAS) DG Rajesh Nirwan said on Thursday that FBS have been mandated for eight airports and trials are on at Bengaluru and Kochi. Kochi is not among the airports where the same has been mandated. Hyderabad and Delhi are in that list, and ""site acceptance"" is under way there.The scanners installed for trials are integrated to door-frame metal detectors and the results of the former are matched with what the latter detects during passenger checks. BCAS is collecting the data and the algorithms will be refined based on the outcome.Dismissing privacy concerns, Nirwan said scanners are being made ""image agnostic"" as they will just be a model of a person.","Indian airports may finally see full body scanners (FBS) after several missed deadlines. FBS have been mandated for eight airports and trials are on at Bengaluru and Kochi. Hyderabad and Delhi are in that list, and ""site acceptance"" is under way there.","https://static.toiimg.com/thumb/msid-134629423,imgsize-147870,width-400,height-225,resizemode-4/body-scanners-at-the-security-screening-area-of-the-new-western-sydney-international-airport-in-luddenham.jpg"
"CBI names 3 senior ADAG execs, 7 companies in 2nd RHFL chargesheet",https://timesofindia.indiatimes.com/india/cbi-names-3-senior-adag-execs-7-companies-in-2nd-rhfl-chargesheet/articleshow/134629368.cms,"According to the probe agency, RHFL borrowed funds from lending institutions and allegedly siphoned off Rs 7,429 crore through a web of intermediary and conduit entities.

Join conversation View All Comments → Share your thoughts in the comments Insightful Agree Disagree Skeptical Concerning Promising Worth Reading Big Development Post Comment Be respectful · TOI community guidelines

NEW DELHI: The CBI on Thursday filed its second chargesheet in the Rs 7,429-crore Reliance Home Finance Ltd (RHFL) alleged loan diversion case, naming 11 accused, including three senior executives of the Reliance ADA Group and seven corporate entities.The chargesheet alleges criminal conspiracy and cheating that led to massive wrongful losses for a consortium of public sector banks and financial institutions.Among the individuals charged are RHFL director and chief financial officer Amit Bapna, Reliance Capital Group MD and vice chairperson Amitabh Jhunjhunwala, Reliance Power CFO Suresh Nagarajan, and RHFL's statutory auditor Vijay Napawaliya.The seven companies named as accused include Reliance Infrastructure, Reliance Power, Reliance Big Entertainment, Reliance Broadcast Network, Reliance Business Broadcast News Holdings, Reliance MediaWorks Financial Services, and Kunjbihari Developers.According to the probe agency, RHFL borrowed funds from lending institutions and allegedly siphoned off Rs 7,429 crore through a web of intermediary and conduit entities.These funds were ultimately diverted to various Reliance ADA Group companies in direct violation of lending terms, causing substantial financial harm to the banks while wrongfully enriching the accused individuals and related companies.The investigation stems from complaints initially filed by the Union Bank of India and other public sector bank consortium members.This latest filing brings the total number of accused charged in the specific RHFL case to 15, following an initial chargesheet filed against four individuals on July 9. The CBI noted that further investigations are ongoing to determine the roles of other potential suspects.The RHFL probe is part of a broader, Supreme Court-monitored investigation into the Reliance ADA Group.The CBI's Banking Securities Fraud Branch in Delhi has registered nine FIRs against group companies, including RCom, RCFL, RTL and Reliance Capital, based on complaints from public sector banks, LIC and the EPFO.Thursday's filing marks the seventh chargesheet submitted across these interconnected cases, which have resulted in seven arrests so far, the CBI said.","The chargesheet alleges criminal conspiracy and cheating that led to massive wrongful losses for a consortium of public sector banks and financial institutions. Among the individuals charged are RHFL director and chief financial officer Amit Bapna, Reliance Capital Group MD and vice chairperson Amitabh Jhunjhunwala.","https://static.toiimg.com/thumb/msid-134629414,imgsize-568571,width-400,height-225,resizemode-4/cbi.jpg"
"Govt backs SCO connectivity, trade agenda but PM’s Pak visit uncertain",https://timesofindia.indiatimes.com/india/govt-backs-sco-connectivity-trade-agenda-but-pms-pak-visit-uncertain/articleshow/134628081.cms,"The first such visit from India to Pakistan since the 2025 Pahalgam terrorist attack highlighted how SCO, which is dominated by China and Russia, has remained insulated from India-Pakistan tensions, unlike the more modest Saarc regional framework.

Join conversation View All Comments → Share your thoughts in the comments Insightful Agree Disagree Skeptical Concerning Promising Worth Reading Big Development Post Comment Be respectful · TOI community guidelines

NEW DELHI: India’s participation in the SCO meeting of national coordinators in Islamabad to firm up the calendar for high-level meetings has sparked speculation about whether PM Narendra Modi would travel to Pakistan for the heads of state summit next year. Modi has missed only 1 of the 7 in-person summits since India became a full member of the Eurasian bloc in 2017 but Indian officials warn his past attendance is no guarantee of a visit even for a multilateral event to Pakistan, a country India has come to describe as a serial practitioner of terrorism.A senior Indian diplomat, Alok Dimri, travelled to Pakistan this week for the national coordinators’ meeting, as first reported by TOI on Monday. The first such visit from India to Pakistan since the Pahalgam terrorist attack highlighted how the SCO, which is dominated by China and Russia, has remained insulated from India-Pakistan tensions, unlike the more modest SAARC regional framework.For a PM visit though, as official sources said, India will factor in Pakistan’s continued support for cross-border terrorism before making a final decision. The same is likely to apply for the meetings of defence and foreign ministers heading into the main summit, as India seeks tangible and irreversible action by Pakistan against cross-border terrorism to make the overall environment conducive for any substantive engagement.After the meeting this week, Pakistan PM Shehbaz Sharif will soon write to leaders of all member-states inviting them for the SCO heads of state summit. He had last invited Modi for the heads of government meeting in Islamabad in 2024 but India had then sent external affairs minister S Jaishankar who usually represents India in that meeting.Modi attends the meetings of the Council of Heads of State (CHS), the supreme decision-making body of the SCO which meets annually on a rotational basis in the country chairing the SCO. Pakistan assumed the chairship from Kyrgyzstan at the Bishkek summit last month.Although Modi did skip the Kazakhstan summit in 2024, India will likely weigh multiple geopolitical factors before deciding on his potential visit to Pakistan, apart from Pakistan-backed terrorism. India’s engagement with the SCO facilitates the ongoing normalisation of relations with China while preserving its strategic and longstanding ties with Russia.Ironically, counterterrorism and security cooperation is one key reason for New Delhi’s engagements with the grouping that also helps India with Central Asian connectivity and regional security in Afghanistan, while reinforcing its strategic autonomy.Additional secretary Dimri was greeted warmly in Pakistan, with an official photo showing him standing next to Pakistan deputy PM and foreign minister Ishaq Dar. Dimri said the national coordinators had finalised an agenda for common wellbeing and prosperity with focus on connectivity, trade and transit. “This programme will continue for a year and will culminate with Islamabad Summit,” he said.",India’s participation in the SCO meeting of national coordinators in Islamabad has sparked speculation about whether PM Narendra Modi would travel to Pakistan for the heads of state summit next year. Modi has missed only 1 of the 7 in- person summits since India became a full member of the Eurasian bloc in 2017. Indian officials warn his past attendance is no guarantee of a visit.,"https://static.toiimg.com/thumb/msid-134628702,imgsize-159302,width-400,height-225,resizemode-4/islamabad_-view-of-the-venue-at-the-23rd-meeting-of-the-sco-council-of-heads-of.jpg"
Supreme Court stays hanging of 2008 Gujarat serial blasts convict,https://timesofindia.indiatimes.com/india/supreme-court-stays-hanging-of-2008-gujarat-serial-blasts-convict/articleshow/134627463.cms,"A bench of Justices Vikram Nath, A G Masih and Sandeep Mehta issued notice to the Gujarat government on Bawa's plea against the Gujarat high court verdict, which upheld his death sentence awarded by the trial court.

Join conversation View All Comments → Share your thoughts in the comments Insightful Agree Disagree Skeptical Concerning Promising Worth Reading Big Development Post Comment Be respectful · TOI community guidelines

NEW DELHI: The Supreme Court on Thursday stayed the execution of the death penalty of Ahmed Bawa alias Abbu Abubakar Barelvi, who was an operative of the terror outfit Indian Mujahideen (IM) and was convicted for the 2008 Ahmedabad serial bomb blasts that left 56 people dead. A bench of Justices Vikram Nath, A G Masih and Sandeep Mehta issued notice to the Gujarat government on Bawa's plea against the Gujarat high court verdict, which upheld his death sentence awarded by the trial court.The HC on July 7 upheld the death sentences of 38 operatives of IM in the 2008 blasts case, citing the large number of casualties. It also upheld life imprisonment given to 11 other convicts, holding that their roles in terror training camps in Gujarat and Kerala and logistical support to the conspiracy had been proved. On July 26, 2008, a series of 21 bomb blasts ripped through different areas of Ahmedabad, killing 56 people and leaving over 200 injured.The HC had rejected all appeals filed by the convicts and confirmed the Feb 2022 judgment of the special court, which had sentenced 38 IM members to death and 11 others to life imprisonment. The state govt had sought confirmation of the death sentences.","Ahmed Bawa was an operative of the terror outfit Indian Mujahideen. He was convicted for the 2008 Ahmedabad serial bomb blasts that left 56 people dead. A bench of Justices Vikram Nath, A G Masih and Sandeep Mehta issued notice to the Gujarat government on Bawa's plea against the Gujarat high court verdict.","https://static.toiimg.com/thumb/msid-134627708,imgsize-150668,width-400,height-225,resizemode-4/supreme-court.jpg"
"Supreme Court says seize vehicle, stop RC, PUC renewal if e-challans not paid",https://timesofindia.indiatimes.com/india/supreme-court-says-seize-vehicle-stop-rc-puc-renewal-if-e-challans-not-paid/articleshow/134627354.cms,"SC said cops could issue lakhs of e-challans, but what was being done to recover the fines was the question at hand.

Join conversation View All Comments → Share your thoughts in the comments Insightful Agree Disagree Skeptical Concerning Promising Worth Reading Big Development Post Comment Be respectful · TOI community guidelines

NEW DELHI: Many vehicle owners often ignore traffic fines for years, allowing unpaid challans to pile up and eventually land in courts. Supreme Court has now directed states and UTs to impound their vehicles, noting that around 47% of challans issued across the country remain unpaid.A bench of Justices JB Pardiwala and KV Viswanathan said Thursday that issuing e-challans was not sufficient and stringent action should be taken to recover fines.""Let there be random checking of vehicles, and if it is found that the e-challan issued has not been abided by or honoured, necessary steps shall be taken to impound the vehicle itself,"" the bench said.SC said the authorities should freeze online services for vehicles with outstanding amounts. They should bar renewal of registration certificates, issuing of duplicate registration certificates, and not entertain any request to update the owner's address, it said. ""The authorities shall also deny fitness certificate until all pending traffic fines are entirely cleared and further there should be blacklisting of the vehicle concerned on the Parivahan portal,"" SC said.""This will come in the way of the person concerned if he wants to sell his vehicle.The authorities should also proceed to block ownership transfer. For multiple violations, driving licence shall be suspended from renewal, and measures shall also be taken to suspend the driving licence which may be in force. What is most important is that no centre should be permitted to issue a PUC certificate,"" the bench said.Expressing displeasure with authorities for not taking action, the bench said, ""We want to convey something to states/UTs/authorities plainly and simply. It is not sufficient to keep issuing e-challans to the person who is alleged to have violated the provisions of the law.""SC said cops could issue lakhs of e-challans, but what was being done to recover the fines was the question at hand.""We are informed by the amicus... that states/UTs have to recover Rs 49,194 crore approximately towards the e-challans issued over a period of time. We are also informed that so far an amount of Rs 26,175 crore has been recovered.What we want to convey in simple words is that authorities need to work at the ground level, having regard to the ground realities,"" the bench said.With the case being heard for over a decade, the court decided to check the ground situation regarding implementation of its orders.""We have been monitoring this litigation by now over a period of almost 14 years. This writ petition is of 2012... During this interregnum period of one year, we have issued a slew of directions for meaningful and effective implementation of various provisions of Motor Vehicles Act and Central Motor Vehicles Rules framed therein,"" it said, adding that if all these were going to remain on paper and not going to be implemented, then ""we may have to take stern action which may not be liked by the authorities"".",Supreme Court has now directed states and UTs to impound their vehicles. Justices JB Pardiwala and KV Viswanathan said Thursday that issuing e-challans was not sufficient. Around 47% of challans issued across the country remain unpaid.,"https://static.toiimg.com/thumb/msid-134627362,imgsize-178068,width-400,height-225,resizemode-4/traffic-fines-in-india-top-rs-12000-crore-exceeding-gdp-of-several-small-nations_-report.jpg"
"Coordinate with allies for stir, Congress tells state units",https://timesofindia.indiatimes.com/india/coordinate-with-allies-for-stir-congress-tells-state-units/articleshow/134627342.cms,"AICC general secretary KC Venugopal has sent a circular to state units with clear instructions to ensure joint programmes.

Join conversation View All Comments → Share your thoughts in the comments Insightful Agree Disagree Skeptical Concerning Promising Worth Reading Big Development Post Comment Be respectful · TOI community guidelines

NEW DELHI: A day after the opposition decided to hit the streets together, Congress on Thursday asked its state and district units to take a lead role in coordinating with INDIA bloc allies for the joint agitation from Oct 2-8 to press for CEC Gyanesh Kumar's resignation.The district events will see large mobilisation at the local level - marches to Ambedkar or Gandhi statue or to Election Commission office in a district. There, the gathering will sing the national anthem and hold a public reading of Article 326 on universal adult suffrage. The units have been specifically asked to end their programmes by burning the effigies of CEC Gyanesh Kumar.As part of signalling intent locally, district units have been asked to hold meetings with allies and to address the media. Then, Congress's block units have been asked to strategise about mobilisation and logistics with allies.AICC general secretary KC Venugopal has sent a circular to state units with clear instructions to ensure joint programmes.Continuing his attack on EC and the government over SIR and related issues, Congress MP Rahul Gandhi asked about TCS's role in ""illegally"" changing Form 6.""Online Form 6 was changed illegally - as EC's own commissioners have recorded. Who at EC ordered TCS to make that change? Who at TCS signed off on it? And were they pressured into doing it?"" he posted on X.",AICC general secretary KC Venugopal has sent a circular to state units with clear instructions to ensure joint programmes. District events will see large mobilisation at the local level. The units have been specifically asked to end their programmes by burning the effigies of CEC Gyanesh Kumar.,"https://static.toiimg.com/thumb/msid-134627344,width-400,height-225,resizemode-4/kc-venugopal.jpg"
'Right to access to justice equal for all': SC frowns at out-of-turn hearings,https://timesofindia.indiatimes.com/india/right-to-access-to-justice-equal-for-all-sc-frowns-at-out-of-turn-hearings/articleshow/134627142.cms,"'When we grant early hearing to one litigant who has the resources to approach the SC, we do injustice to millions of litigants who are waiting for a hearing on their petitions,' the bench said.

Sacked for taking bribe, can’t allow early hearing: SC

Join conversation View All Comments → Share your thoughts in the comments Insightful Agree Disagree Skeptical Concerning Promising Worth Reading Big Development Post Comment Be respectful · TOI community guidelines

NEW DELHI: Supreme Court on Thursday said a bus conductor's right to access to justice is equal to that of a top bureaucrat, and granting out-of-turn hearing to a litigant having the wherewithal to approach the SC would violate the right to speedy justice of millions languishing in the queue.A bench of Justices Joymalya Bagchi and V Mohana refused to entertain a plea for expeditious hearing of a petition by an additional district judge challenging his dismissal from service for corruption in 2022. His petition has been pending in Allahabad HC since 2022.""When we grant early hearing to one litigant who has the resources to approach the SC, we do injustice to millions of litigants who are waiting for a hearing on their petitions,"" the bench said.In his plea for a direction to HC for expeditious disposal of his plea, the judge said he has suffered a lot in the last four years and that since his retirement is due on Nov 30, he would like to leave service with dignity.Referring to the pendency of more than 12 lakh cases in Allahabad HC, the bench told the counsel: ""You are making a submission which is against the equal right to access to justice of every litigant, be it a bus conductor or a principal secretary.We will not request HC to grant out-of-turn hearing unless we are convinced about egregious circumstances in the case that warrant urgent hearing.""The petitioner is one of the three additional district judges - Ashok Kumar Singh, Himanshu Bhatnagar and Rakesh Kumar Nain - who were dismissed from service on corruption charges through a full court resolution passed by Allahabad HC in May 2022.He complained that ""no show-cause notice was ever issued to the petitioner and no opportunity was ever afforded to give any representation against the major penalty so imposed upon the petitioner, therefore, the resolution dated May 12, 2022, and the order dated May 17, 2022, by which the services of the petitioner were terminated, was passed in violation of principles of natural justice"".The bench said that as the petitioner has been dismissed from service on charges of acceptance of bribe, it is not a fit case for requesting the HC to grant an out-of-turn hearing.The petitioner, who joined judicial service in Aug 1999 and was promoted as additional district judge in 2013, was accused of taking a Rs 6 lakh bribe to acquit a person in 2015. The inquiry and disciplinary proceedings were concluded in 2022, following which his services were terminated.","A bench of Justices Joymalya Bagchi and V Mohana refused to entertain a plea for expeditious hearing of a petition by an additional district judge challenging his dismissal from service for corruption in 2022. The bench said that as the petitioner has been dismissed from service on charges of acceptance of bribe, it is not a fit case for requesting the HC to grant an out-of-turn hearing.","https://static.toiimg.com/thumb/msid-134627145,imgsize-122564,width-400,height-225,resizemode-4/sc-right-to-justice-equal-for-bureaucrat-bus-conductor.jpg"
"Punjab CM Mann says Rs 1,262 crore Satkar Rashi released to 36.87 lakh women",https://timesofindia.indiatimes.com/india/punjab-cm-mann-says-rs-1262-crore-satkar-rashi-released-to-36-87-lakh-women/articleshow/134625055.cms,"Punjab CM Mann says Rs 1,262 crore Satkar Rashi released to 36.87 lakh women.

Join conversation View All Comments → Share your thoughts in the comments Insightful Agree Disagree Skeptical Concerning Promising Worth Reading Big Development Post Comment Be respectful · TOI community guidelines

Punjab Chief Minister Bhagwant Singh Mann on Thursday said Rs 1,262.54 crore was being transferred directly into the bank accounts of 36.87 lakh women under the state government’s Mawan Dheeyan Satkar Yojna.The amount constitutes the second instalment under the scheme and covers October, November and December, Mann said while addressing a function at Khandoor Sahib. Each beneficiary would receive the three-month instalment together, he said.According to Mann, Rs 2,562.33 crore had previously been distributed among 73.99 lakh women. With the latest disbursement, the total amount transferred under the scheme has reached Rs 3,824.87 crore, he said.Mann said around 97% of women in Punjab would be eligible for the scheme and that the government had set a target of extending its benefits to one crore women. He also said there were no conditions limiting the number of eligible women in a household, meaning that if three women in a family qualified, all three could receive the assistance.The chief minister said 1.37 lakh Satkar Sakhis had helped register women under the scheme and had received more than Rs 51 crore in incentives.Anganwadi workers involved in facilitating registrations would also receive incentives totalling Rs 25 crore, he said.At the event, Mann also criticised opposition parties and said that if the Congress, BJP or Akali Dal came to power, schemes including the Satkar Yojna, free bus travel for women and free electricity would be discontinued. These were political claims made by the chief minister.Mann also targeted the Congress and Shiromani Akali Dal, commenting on their internal political situation. He said the Congress had fewer workers but more leaders aspiring to become chief minister and alleged that the Akali Dal had misused religion.Referring to the state government's performance since 2022, Mann claimed that Punjab had moved from 27th to first position in school education according to the Centre's assessment. He said the government had established smart classrooms, trained teachers and recruited non-teaching staff.On medical education, Mann said around 30 lakh students appear for NEET every year and claimed that the number of students from Punjab's government schools clearing the examination had risen from 80 when he took office to 882 this year. He said the state had introduced free coaching for government-school students.Mann also said the government would open new centres for UPSC preparation to help students from Punjab prepare for the civil services.On power supply, the chief minister said eligible households were receiving 300 units of free electricity each month. He also said the state government had purchased the Goindwal Sahib Thermal Power Plant for Rs 1,080 crore.Mann said farmers were receiving daytime electricity for agricultural use and claimed that 14,000 kilometres of pipelines had been laid to take canal water to fields.He also said the pace of development in Punjab would increase between 2027 and 2032 as projects undertaken during the current government's tenure begin to show results.Cabinet minister Harbhajan Singh ETO and others were present at the event.","Punjab Chief Minister Bhagwant Singh Mann said Rs 1,262.54 crore was being transferred directly into the bank accounts of 36.87 lakh women. The amount constitutes the second instalment under the scheme and covers October, November and December. Mann said around 97% of women in Punjab would be eligible.","https://static.toiimg.com/thumb/msid-134625186,imgsize-87926,width-400,height-225,resizemode-4/whatsapp-image-2026-10-01-at-7.jpg"
"17 Indian fishermen rescued by Seychelles, India expresses gratitude",https://timesofindia.indiatimes.com/india/17-indian-fishermen-rescued-by-seychelles-india-expresses-gratitude/articleshow/134623495.cms,"India has conveyed heartfelt thanks to Seychelles for the heroic rescue of 17 fishermen stranded at sea due to engine failure on the IFB Sajira.

NEW DELHI: India on Thursday showed gratitude to the Seychelles government for providing ""swift and life-saving assistance"" to 17 Indian fishermen on a fishing vessel that had an engine failure in the rough seas off the nation's coast.Ministry of external affairs spokesperson Randhir Jaiswal, said on X that the prompt aid demonstrated the ""close and enduring bonds of friendship"" between the two nations.He also included some pictures of the fishermen and the recovered fishing boat in his tweet.""Government of India expresses gratitude to the Government of Seychelles for its swift and life-saving assistance to 17 Indian fishermen aboard IFB Sajira, which suffered an engine failure in the high seas off the coast of Seychelles,"" MEA said.""This timely assistance reflects the close and enduring bonds of friendship between India and Seychelles, and our shared commitment to the safety and well-being of our people,"" he wrote.","India expresses gratitude to the Seychelles government for providing ""swift and life-saving assistance"" to 17 Indian fishermen. The prompt aid demonstrated the ""close and enduring bonds of friendship"" between the two nations. The fishing vessel had an engine failure in the rough seas off the nation's coast.","https://static.toiimg.com/thumb/msid-134624035,imgsize-140084,width-400,height-225,resizemode-4/india-has-conveyed-heartfelt-thanks-to-seychelles-for-the-heroic-rescue-of-17-fishermen-stranded-at-sea-due-to-engine-failure-on-the-ifb-sajira.jpg"
'Don't want BJP to come': AIMIM's Owaisi leaves door open for alliance ahead of 2027 UP elections,https://timesofindia.indiatimes.com/india/dont-want-bjp-to-come-aimims-owaisi-leaves-door-open-for-alliance-ahead-of-2027-up-elections/articleshow/134622055.cms,"Owaisi cites Bihar experience as AIMIM keeps alliance door open in UP

Owaisi questions opposition’s claims over elections

Owaisi alleges UCC aims to impose Hindu laws

Join conversation View All Comments → Share your thoughts in the comments Insightful Agree Disagree Skeptical Concerning Promising Worth Reading Big Development Post Comment Be respectful · TOI community guidelines

NEW DELHI: AIMIM chief Asaduddin Owaisi on Thursday said his party was open to forming an electoral alliance with other political parties in Uttar Pradesh ahead of next year’s Assembly elections, saying it did not want the BJP to return to power in the state for a third consecutive term.Addressing a press conference, Owaisi said AIMIM would contest the elections “with all our force” and would announce any alliance once it was finalised.“We don't want the BJP to come to power in Uttar Pradesh for the third time. In order to stop this from happening, we are open for alliance. What else can we say?” Owaisi said, according to new agency PTI.He referred to AIMIM’s experience in Bihar, where four of the party’s five MLAs joined the RJD in June 2022. The move enabled the RJD to reclaim its position as the single largest party in the Bihar Assembly.Owaisi said AIMIM had sought only six seats in Bihar previously and alleged that its concerns had not received the same political attention as similar developments involving other parties.“We fought again and people voted for us. We bagged five seats there,” he said.“It is up to them (political parties in UP) now. We will contest the elections there with all our force, and whenever an alliance happens, we will let you know.We will decide our fate and make our leadership,” Owaisi added.The Uttar Pradesh Assembly elections are scheduled to be held early next year to elect all 403 members of the House.Owaisi also criticised political parties that have attributed electoral defeats both to AIMIM’s presence in contests and to alleged vote theft.“The opposition once said that they lost the elections because we (AIMIM) were in the fray. Sometimes, they say that they lost the elections because of vote theft. How is this possible? They should be clear,” he said.Owaisi also criticised the implementation of the Uniform Civil Code (UCC) in some states and alleged that the move was aimed at turning India into a “Hindu Rashtra”.He claimed that the UCC laws in Uttarakhand, Assam and Gujarat were a “cut and paste” of the Hindu Marriage Act and Hindu Succession Act, and questioned their applicability to Muslims.“The Maharashtra government is working on UCC now. But the laws in Uttarakhand, Assam and Gujarat are the same. It is just a 'cut and paste' of Hindu Marriage Act and Hindu Succession Act,” Owaisi said.He said tribals had been excluded from the UCC in Uttarakhand and Gujarat because of differences in their religious and social practices, and argued that Muslims faced a similar issue.“When marriage in Islam is a contract and it is a bond for life time, how can Hindu Marriage Act be imposed on me? Why should I marry according to it?” he asked.Owaisi further alleged that UCC provisions could affect inheritance arrangements and said the move violated Articles 25, 26 and 29 of the Constitution.“BJP leaders say that women should get equal share (in property). In Assam, Uttarakhand and Gujarat where UCC was implemented, the power of will helps a person give away (the property) to just one son when he has three. UCC is an effort to implement the laws of Hindus over Muslims. This is a violation of Article 25, 26 and 29 (of the Indian Constitution). It is a way to make India a Hindu Rashtra,” he said.",AIMIM chief Asaduddin Owaisi says his party is open to forming an electoral alliance with other political parties in Uttar Pradesh ahead of next year’s Assembly elections. He said AIMIM would contest the elections ‘with all our force’ and would announce any alliance once it was finalised. The Uttar Pradesh Assembly elections are scheduled to be held early next year.,"https://static.toiimg.com/thumb/msid-134622216,imgsize-862349,width-400,height-225,resizemode-4/aimim-chief-owaisi-file-photo.jpg"
Full-body scanners at airports: Govt tests tech & algorithms to address privacy concerns before wider rollout,https://timesofindia.indiatimes.com/india/full-body-scanners-at-airports-govt-tests-tech-algorithms-to-address-privacy-concerns-before-wider-rollout/articleshow/134620943.cms,"Govt are testing refined algorithms amid privacy concerns

Join conversation View All Comments → Share your thoughts in the comments Insightful Agree Disagree Skeptical Concerning Promising Worth Reading Big Development Post Comment Be respectful · TOI community guidelines

NEW DELHI: India's aviation security regulator is collecting data from ongoing trials of full-body scanners at Bengaluru and Cochin airports before deciding on their wider deployment, with the technology's algorithms also being refined to account for objects commonly worn by passengers in India.Bureau of Civil Aviation Security (BCAS) Director General Rajesh Nirwan told reporters on Thursday that full-body scanners have been mandated at eight airports, while trials are currently being conducted at Bengaluru and Cochin. Authorities are collecting data from the trials, including the number of alarms generated, which will be assessed before a decision is taken on introducing the scanners at airports.However, Cochin is not among the eight airports where the scanners have been mandated.The deployment of full-body scanners has been delayed for years, partly due to concerns over passenger privacy. Nirwan said newer scanners are being made “image agnostic”, meaning they do not produce an actual image of the passenger but instead display a model and identify the specific part of the body where a suspicious object may have been detected, reported PTI.BCAS is also working with scanner vendors and original equipment manufacturers to refine the technology for Indian conditions, including concerns that jewellery and other commonly worn items could trigger alarms.“What we are getting today in India is based on algorithms that have been designed for foreign markets. There are certain typical things that are on the body of Indian citizens or people living in India. So, those algorithms are also being continuously refined,” Nirwan said.The data collected during the ongoing trials will be used to further refine the algorithms, he added.Meanwhile, the officials also addressed the recent Flydubai cockpit attack in which Indian pilot Smit Machchhar was injured, saying Indian aviation authorities are examining the incident and will hold internal deliberations on whether any aviation security advisory is required.Civil Aviation Secretary Samir Kumar Sinha said the matter was under examination and any decision on an advisory would be taken after internal discussions. “... in case some advisory is to be issued, obviously we will put it up to the higher authorities for taking a decision on that,” Sinha said.The comments came a day after Flydubai flight FZ1073, flying from Dubai to Tel Aviv with 174 passengers, was diverted to Saudi Arabia after an altercation in the cockpit. Indian captain Smit Machchhar was seriously injured while trying to tackle his co-pilot, and the aircraft later landed safely at Tabuk.","Full-body scanners have been mandated at eight airports, while trials are currently being conducted at Bengaluru and Cochin. Authorities are collecting data from the trials, including the number of alarms generated, which will be assessed before a decision is taken on introducing the scanners at airports.","https://static.toiimg.com/thumb/msid-134621447,imgsize-70484,width-400,height-225,resizemode-4/advanced-full-body-scanners-to-up-security-at-airport.jpg"
Delhi roads to get 70 new mechanised sweepers from November: MCD,https://timesofindia.indiatimes.com/india/delhi-roads-to-get-70-new-mechanised-sweepers-from-november-mcd/articleshow/134621083.cms,"The Municipal Corporation of Delhi plans to deploy 70 new road-sweeping machines by mid-November.

Join conversation View All Comments → Share your thoughts in the comments Insightful Agree Disagree Skeptical Concerning Promising Worth Reading Big Development Post Comment Be respectful · TOI community guidelines

NEW DELHI: The Municipal Corporation of Delhi (MCD) plans to combat air pollution by deploying 70 new mechanized road-sweeping equipment around the city in the middle of November, according to released PTI report.There will be 15 CNG-powered vehicles and 55 electric vehicles in the fleet. On Thursday, MCD Commissioner Sanjeev Khirwar taken the field trials of the new machines that were brought to Delhi.It stated that the 70 self-propelled machines, which are being imported from Europe, have sweeping capacity of two and four cubic meters and are outfitted with a third front brush to enhance the removal of dust and road debris.Delhi government's department of environment is supporting the deployment with the funds, according to the civic body.""The machines are being tested in field conditions to assess their operational capabilities before deployment,"" the statement stated.Increased usage of mechanized road sweeping is anticipated to help reduce dust pollution in the city and enhance road cleanliness, according to the MCD.","The Municipal Corporation of Delhi plans to deploy 70 new road-sweeping machines by mid-November. There will be 15 CNG-powered vehicles and 55 electric vehicles in the fleet. The 70 self-propelled machines, which are being imported from Europe, have sweeping capacity of two and four cubic meters.","https://static.toiimg.com/thumb/msid-134621398,imgsize-124899,width-400,height-225,resizemode-4/the-municipal-corporation-of-delhi-plans-to-deploy-70-new-road-sweeping-machines-by-mid-november.jpg"
"PM Modi urges UPSC to test aspirants’ motivation for joining civil services, not just academic knowledge",https://timesofindia.indiatimes.com/india/pm-modi-urges-upsc-to-test-aspirants-motivation-for-joining-civil-services-not-just-academic-knowledge/articleshow/134620836.cms,"Prime Minister Narendra Modi addresses the UPSC centenary celebration at Bharat Mandapam, in New Delhi on Thursday.

Join conversation View All Comments → Share your thoughts in the comments Insightful Agree Disagree Skeptical Concerning Promising Worth Reading Big Development Post Comment Be respectful · TOI community guidelines

NEW DELHI: Emphasising that the purpose of recruitment for govt jobs should be to bring people into public service rather than public office, Prime Minister Narendra Modi on Thursday asked recruitment agencies like Union Public Service Commission (UPSC) to adopt selection parameters that not only test an aspirant's academic knowledge but also their motivation to join the civil services.Modi, while addressing UPSC's centenary celebrations here, explained that selecting individuals with the right inherent motivation makes it easier for the administration to adapt to rapidly changing public aspirations. Stating that the youths recruited today will simultaneously serve as the chief architects and the primary beneficiaries of the nation's future, he insisted that every selection process be rigorously tested against the dual criteria of prioritizing the nation and the citizen.Modi said the archaic 'mai-baap' (supremacy) governance mindset of the past has made way for a modern administrative era built on the absolute principle of 'nagrik devo bhava' or 'citizen is king"". Projecting India as an increasingly urbanized nation by 2047 with a narrowing rural-urban divide, he said the traditional service delivery models will need to evolve to match the speed of an instant-delivery world where citizens demand rapid, real-time solutions powered by AI.“This changing mindset demands new changes from our civil services as well,” noted Modi.He demanded that selection processes for govt jobs at both national and state levels be meticulously designed to recruit professionals who proactively anticipate problems and operate without unnecessary pressure or influence. He emphasized the need for empathetic civil servants who find innovative solutions, proactively ease citizens' lives, and critically evaluate the impact of laws on the public.Cautioning the future civil servants about having to navigate new-age threats like information warfare, deepfakes, algorithmic bias, and climate justice, the prime minister instructed the recruitment agencies to adapt to these global shifts by prioritizing candidates' foresight and complex problem-solving abilities.He insisted that the examination agencies rapidly align with the nation's broader reform momentum by adopting the principle of time certainty to shorten exam cycles without lowering standards. These would cut down the financial burden on account of coaching fees, rent, and transport, on the families, he said.The prime minister proudly noted the dramatic rise in female candidates in civil services, from a mere 3% in 1952 to over 30%today, alongside the historic appointment of three out of four women UPSC chairpersons post-2014.Pointing to the 45-fold increase in candidate participation since the institution's 50th anniversary in 1976, Modi reminded the commissions that the recruiting agencies are not merely picking candidates, but choosing individuals who will become the very face and representative of the government at the grassroots level.Congratulating UPSC for having been in existence for 100 years, the prime minister praised the organisation's enduring credibility despite changing generations, governments, technologies, and syllabi. The celebrations were marked by the release of a commemorative postage stamp, a special coin, and a compilation of 100 significant case laws.Recalling the monumental challenges faced after independence, Modi paid deep homage to Sardar Vallabhbhai Patel for establishing the vital steel frame required not just to keep the country independent, but to actively govern the newly formed nation. He acknowledged that while the UPSC has excellently discharged its historical duties, the focus must now decisively pivot toward the critical next 25 years that await the country.","Prime Minister Narendra Modi asked recruitment agencies like Union Public Service Commission (UPSC) to adopt selection parameters that not only test an aspirant's academic knowledge but also their motivation to join the civil services.Modi, while addressing UPSC's centenary celebrations here, explained that selecting individuals with the right inherent motivation makes it easier for the administration to adapt to rapidly changing public aspirations.","https://static.toiimg.com/thumb/msid-134621143,imgsize-96406,width-400,height-225,resizemode-4/new-delhi-oct-01-ani-prime-minister-narendra-modi-addresses-the-upsc-centena.jpg"
"New liquor shops in Bengal must maintain 500-metre gap from schools, religious places",https://timesofindia.indiatimes.com/india/new-liquor-shops-in-bengal-must-maintain-500-metre-gap-from-schools-religious-places/articleshow/134618267.cms,"In a bid to regulate the liquor trade, the West Bengal government has raised the distance criteria for new liquor outlets from educational institutions and places of worship.

Join conversation View All Comments → Share your thoughts in the comments Insightful Agree Disagree Skeptical Concerning Promising Worth Reading Big Development Post Comment Be respectful · TOI community guidelines

The West Bengal government has increased the necessary distance for new retail liquor outlets from educational institutions and holy places to 500 meters in urban and municipal areas and 1 km in other parts of the state, up from the former 300 meters, as per PTI.As per the recent notification given by the government, no new liquor licenses would be given within a 1 km distance of religious institutions, schools, and universities in rural and non-municipal areas, state Liquor Association Secretary Bijan Patra stated on Thursday.The government has kept the minimum distance at 500 meters from the religious places, schools, and educational insititutions for the areas under the Kolkata Municipal corporation (KMC) and other civic authorities, Bijan Patra added.However, he stated that Rule 8's distance requirements won't apply if an existing liquor store wishes to ""shift"" to a mall of any size.The prior framework required a minimum distance of 1,000 feet, or around 300 meters.Chief minister Suvendu Adhikari had already announced that his administration will not enable liquor sales within a 1 km radius of schools, universities, and shrines.Over 4,000 bars, off-shops, and liquor stores now operate within a 1-kilometer radius of these sensitive zones throughout the state; however, this new restriction will not affect already-existing establishments.In order to establish new offshops through bars, the new strategy also makes use of Section 4P of the excise act.However, some business owners have voiced reservations about the provision, claiming that because the state agency would keep a profit, it could not be advantageous for the liquor sector.","The West Bengal government has increased the necessary distance for new retail liquor outlets from educational institutions and holy places to 500 meters in urban and municipal areas and 1 km in other parts of the state. The prior framework required a minimum distance of 1,000 feet, or around 300 meters. Some business owners have voiced reservations about the provision.","https://static.toiimg.com/thumb/msid-134619055,imgsize-75462,width-400,height-225,resizemode-4/in-a-bid-to-regulate-the-liquor-trade-the-west-bengal-government-has-raised-the-distance-criteria-for-new-liquor-outlets-from-educational-institutions-and-places-of-worship.jpg"
"'Show me one damaged vehicle': Nitin Gadkari's dare on ethanol blending, targets vested interests",https://timesofindia.indiatimes.com/india/show-me-one-damaged-vehicle-nitin-gadkaris-dare-on-ethanol-blending-targets-vested-interests/articleshow/134617029.cms,"Gadkari addressing Rising Bihar Investor Summit 2026

Join conversation View All Comments → Share your thoughts in the comments Insightful Agree Disagree Skeptical Concerning Promising Worth Reading Big Development Post Comment Be respectful · TOI community guidelines

NEW DELHI: Union minister Nitin Gadkari on Thursday talked about the Centre's ethanol-blending programme, rejecting claims that mixing ethanol with petrol damages vehicles and arguing that the policy has also opened a new avenue for farmers to diversify beyond food production.Speaking at the inaugural session of the Bihar Investor Summit 2026, Gadkari said millions of vehicles had already been operating on ethanol-blended petrol since 2022 without, in his account, widespread complaints of damage.""I challenge anybody to come up with the complaint that his or her vehicle has suffered damage on this account. Of course, those with vested interests may have some other story to tell,"" said Gadkari, who holds portfolios of Road Transport and Highways, as quoted by PTI.Gadkari said the policy was designed not merely to reduce dependence on conventional fuel but also to create an additional market for agricultural produce. ""We must understand that the decision to blend ethanol with petrol was taken with a view to diversification of agriculture towards energy and power sectors... Our farmers shall no longer remain 'anna data' (food producers) but also become 'urja data' (energy producers),"" he said.According to Gadkari, about 4 crore four-wheelers and 20 crore two-wheelers have been running on petrol blended with ethanol since 2022. He also claimed that major automobile manufacturers had tested vehicles using higher ethanol blends, including 100% ethanol.""Of course, we are importing (conventional fuel) worth Rs 22 lakh crore, and those who feel that their business will get hit are bound to feel bad. But let me tell you, I am the minister in charge of the department concerned; all leading automobile brands have tried running their vehicles even on 100 per cent ethanol. And there have been no complaints,"" he said.The minister also linked ethanol production to higher farm incomes, saying the use of corn for ethanol had generated additional earnings for farmers in Bihar and Uttar Pradesh.""After the Union government took the decision to make ethanol out of corn and the same was used for the aforementioned purposes, it resulted in additional earnings of up to Rs 45,000 crore for farmers of Bihar and Uttar Pradesh. Is it not preferable to serve the interests of those from whom we import (fuel),"" he asked.Gadkari cited other examples of efforts to develop alternative fuels, including aviation fuel made using agricultural waste. ""We have even made aviation fuel with rice straw. The future belongs to innovation, technology and research. And a state like Bihar has to play a key role in this direction,"" he said.Turning to Bihar's investment potential, Gadkari said the state could expand its economic base through sectors such as tourism. He also pointed to international demand for makhana, a crop widely produced in the state.He described Bihar as having significant economic potential and praised Chief Minister Samrat Choudhary's leadership.""Under the leadership of Chief Minister Samrat Choudhary, the state is bound to scale new heights,"" he said.Meanwhile, Choudhary, addressing the summit, appealed to investors to set up businesses in Bihar and assured them of access to a large market if their products met the required standards.",Gadkari: Millions of vehicles have already been operating on ethanol-blended petrol since 2022. He said the policy was designed not merely to reduce dependence on conventional fuel but also to create an additional market for agricultural produce. Chief Minister Samrat Choudhary appealed to investors to set up businesses in Bihar.,"https://static.toiimg.com/thumb/msid-134617819,imgsize-492217,width-400,height-225,resizemode-4/addressing-rising-bihar-investor-summit-2026.jpg"
Himachal implements mandatory dress code for teachers in government CBSE schools,https://timesofindia.indiatimes.com/india/himachal-implements-mandatory-dress-code-for-teachers-in-government-cbse-schools/articleshow/134617151.cms,"The dress code has been formulated as per the climatic conditions of Himachal Pradesh (Photo: ANI).

Join conversation View All Comments → Share your thoughts in the comments Insightful Agree Disagree Skeptical Concerning Promising Worth Reading Big Development Post Comment Be respectful · TOI community guidelines

Himachal Pradesh implemented a mandatory dress code for teachers across 148 government CBSE schools on Thursday, attempting to create a more organised and professional learning environment.A notice dated September 10 explained that the prescribed dress code has been formulated ""keeping in view the professional requirements of the teaching profession, uniformity in appearance and the climatic conditions of Himachal Pradesh.""The dress code's colour palette includes light lilac, lilac purple and navy blue, with black prescribed for footwear and other specified accessories.The prescribed dress code offers female teachers three alternatives: a saree with a blazer, a kurta/kameez with pants, a plazo or salwar and a blazer, and a shirt and blazer with pants and a tie. For male teachers, however, only a single formal combination has been laid down: shirt with a tie, pants, and a blazer.According to the notice, the dress code is mandatory and will apply to all teachers, including principals, without exception, regardless of how they were recruited or engaged. This includes teachers whose services are being availed on an outsourced basis, for the time being.Reasonable adjustments may be allowed with the approval of the head of the institution in cases of medical necessity, disability or pregnancy.The state government also plans to open 100 new CBSE schools from the coming academic session, while roughly 2,000 teaching posts in CBSE schools have already been filled, PTI reported.To reinforce accountability, a system that logs teachers' attendance three times a day is also being brought in.Director of school education, Ashish Kohli, said the reforms had made a positive difference to the education sector, placing greater importance on quality education, equal opportunities, accountability and learning centred on students. He added that this had made Himachal Pradesh a role model for education reforms.","Himachal Pradesh implemented a mandatory dress code for teachers across 148 government CBSE schools on Thursday. The dress code's colour palette includes light lilac, lilac purple and navy blue. The prescribed dress code offers female teachers three alternatives: a saree with a blazer, a kurta/kameez with pants, and a shirt and blazer with pants and a tie. For male teachers, however, only a single formal combination has been laid down: shirt with a tie, pants,and aBlazer.","https://static.toiimg.com/thumb/msid-134617253,imgsize-95174,width-400,height-225,resizemode-4/himachal-cm-sukhu-mourns-demise-of-former-minister-major-vijay-singh-mankotia.jpg"
Watch: Tamil Nadu CM Vijay launches one-gram gold ring scheme for newborns,https://timesofindia.indiatimes.com/india/tamil-nadu-cm-vijay-to-launch-one-gram-gold-ring-scheme-for-newborns-today/articleshow/134532390.cms,"Vijay presented 22-carat, one-gram gold rings to 25 newborns. (PTI)

Who is eligible for the gold ring?

Scheme draws on Tamil tradition

Join conversation View All Comments → Share your thoughts in the comments Insightful Agree Disagree Skeptical Concerning Promising Worth Reading Big Development Post Comment Be respectful · TOI community guidelines

NEW DELHI: Tamil Nadu chief minister C Joseph Vijay on Monday rolled out the state government’s one-gram gold ring scheme for newborns in Madurai. He also held some of the newborns and presented the rings to beneficiaries during the launch programme.Under the scheme, eligible babies born in government hospitals and government primary health centres will receive a 22-carat, one-gram gold ring.The initiative, named the Maternal Uncle Gold Ring Scheme (Thaaimaman Thanga Mothiram Thittam), has an annual allocation of Rs 755.83 crore.It is aimed at celebrating motherhood, promoting maternal and child health and encouraging institutional deliveries by increasing public confidence in government healthcare facilities.The scheme will cover babies born on or after June 22, 2026, to mothers who are permanent residents of Tamil Nadu and have delivered at government healthcare institutions.Mothers must be registered under the Pregnancy and Infant Cohort Monitoring and Evaluation (PICME) system and have a Reproductive and Child Health (RCH) ID. They will also have to provide an e-KYC-verified Aadhaar card along with one of the prescribed identity or residence documents.These include ration cards, voter identity cards, Labour Welfare Board identity cards, Department of Posts address cards and nativity certificates.The state government has already procured 1.28 lakh one-gram gold rings for the initial rollout. Each ring will have a unique serial number and will be packed in tamper-proof packaging.From Monday, babies born in government hospitals will receive the rings at the time of discharge, according to the state government.To clear the backlog of eligible babies born between June 22 and Monday, the government will distribute the rings through 107 hubs across Tamil Nadu.Distribution will begin at the rate of 100 babies per day at each hub. At designated centres, 25 beneficiaries will be accommodated in the morning and another 25 in the afternoon to avoid overcrowding, PTI reported.Village Health Nurses will distribute invitations informing beneficiaries of their allotted date and time. Beneficiaries have been asked to visit the designated centres only at the time mentioned in their invitations.The district administration has also made transportation arrangements for beneficiaries from their respective areas. Vijay had announced the scheme ahead of the April 23 Assembly election as a symbolic gift to newborns, drawing on the Tamil tradition of ‘Thaimaaman Seer’. The scheme has retrospective effect from June 22, Vijay’s birthday.A government order issued on June 23 described the initiative as a token celebrating the birth of a child, motherhood and the cultural tradition of ‘Thaimaaman’.According to ANI, Tamil Nadu minister Arun Raj explained the cultural significance of the initiative saying, ""A maternal uncle is someone who is among the first to rush in when a child is born, sharing in his sister’s happiness as his own. He assures her that he will always stand by her and her child, offering love, support and a sense of security.""""Today, the Tamil Nadu Government, under the leadership of our brother, Mr. Vijay, is embracing this sacred bond of the maternal uncle and, as a gesture of that affection, is set to provide a one-gram gold ring to every child born in government hospitals. When the scheme was announced and the question arose as to where it should be launched, the place chosen by our Chief Minister was Madurai. This is the sacred soil of Madurai, blessed with the compassion and grace of Mother Meenakshi,"" he added.Tamil Nadu records around 7.8 lakh deliveries annually, with institutional deliveries accounting for 99.9% of births, according to NFHS-6. Government health facilities account for nearly 4.2 lakh deliveries, or around 53% of the total.According to the state government, the average out-of-pocket expenditure for a delivery at a government hospital is Rs 1,364, compared with Rs 63,473 at a private hospital.The government said the scheme is intended to encourage safe institutional deliveries, strengthen maternal and child welfare and increase public trust in government healthcare services.The Tamil Nadu Medical Services Corporation will procure the gold rings based on annual requirements, while a project and programme management unit will oversee implementation and monitoring.","Tamil Nadu chief minister C Joseph Vijay on Monday rolled out the state government’s one-gram gold ring scheme for newborns in Madurai. The scheme will cover babies born on or after June 22, 2026, to mothers who are permanent residents of Tamil Nadu and have delivered at government healthcare institutions. Vijay had announced the scheme ahead of the April 23 Assembly election.","https://static.toiimg.com/thumb/msid-134536862,imgsize-98055,width-400,height-225,resizemode-4/vijay.jpg"
Brij Bhushan acquittal challenged over ‘stereotypical assumptions’ about sexual assault victims,https://timesofindia.indiatimes.com/india/brij-bhushan-acquittal-challenged-over-stereotypical-assumptions-about-sexual-assault-victims/articleshow/134533628.cms,"Wrestlers challenge acquittal, cite ‘stereotypical assumptions’

Join conversation View All Comments → Share your thoughts in the comments Insightful Agree Disagree Skeptical Concerning Promising Worth Reading Big Development Post Comment Be respectful · TOI community guidelines

NEW DELHI: The Rouse Avenue court has issued notice to former Wrestling Federation of India (WFI) chief Brij Bhushan Sharan Singh and others on an appeal challenging his acquittal in a sexual harassment case involving women wrestlers.Special Judge Dig Vinay Singh sought a response to the appeal and listed the matter for hearing on October 9. The court also directed that the original affidavit and orders containing the names of the victims be placed in a sealed envelope. It further directed the appellant to file a copy of the petition with the victims’ names redacted.The appeal challenges the August 3 order of the Rouse Avenue court, Brij Bhushan and Vinod Tomar in the case. The wrestlers have contended that the acquittal order is unsustainable in law and is based on a “manifestly erroneous and selective appreciation of the evidence on record”.The appeal has contended that the impugned order proceeds on conjectures and surmises, fails to apply binding and well-settled principles of law, and, in material part, rests its reasoning on “archaic and stereotypical assumptions” about the “expected” behaviour of victims of sexual assault and harassment, rather than on a fair, evidence-based assessment after taking into account the circumstances of the victims.The case stems from an FIR filed by Delhi Police following a complaint by a woman wrestler during Singh’s tenure as WFI chief. The police had invoked Sections 354, 354-D, 354-A, 506(1) and 109 of the Indian Penal Code.Additional Chief Judicial Magistrate Ashwani Panwar had acquitted Singh and Tomar after a trial that was conducted in a closed courtroom. The two were tried in connection with allegations of sexual harassment of women wrestlers in India and abroad.Delhi Police had filed a 1,500-page charge sheet against Singh and Tomar on June 15, 2023, following its investigation into the allegations.The women wrestlers had earlier staged a protest at Jantar Mantar, following which the FIR was registered by Delhi Police based on the complaint.Advocate Rajiv Mohan, assisted by Rehan Khan and Rishabh Bhati, represented Brij Bhushan Sharan Singh, while senior advocate Rebecca John appeared for the victims and complainants.","The appeal challenges the August 3 order of the Rouse Avenue court, Brij Bhushan and Vinod Tomar in the case. The wrestlers have contended that the acquittal order is unsustainable in law and is based on a “manifestly erroneous and selective appreciation of the evidence on record”","https://static.toiimg.com/thumb/msid-134533835,imgsize-76828,width-400,height-225,resizemode-4/file-photo.jpg"
‘Beating his drum away’: Congress targets PM Modi for ‘ignoring’ rising inflation in Mann Ki Baat,https://timesofindia.indiatimes.com/india/beating-his-drum-away-congress-targets-pm-modi-for-ignoring-rising-inflation-in-mann-ki-baat/articleshow/134533399.cms,"Cong targets PM Modi for 'ignoring' inflation

Join conversation View All Comments → Share your thoughts in the comments Insightful Agree Disagree Skeptical Concerning Promising Worth Reading Big Development Post Comment Be respectful · TOI community guidelines

(With ANI inputs)

NEW DELHI: The Congress on Monday questioned Prime Minister Narendra Modi for not addressing rising inflation in his Mann Ki Baat radio address, accusing him of being “blissfully unconcerned” about the issue.The opposition party’s attack came a day after PM Modi addressed the nation in the 138th episode of Mann Ki Baat.“The brunt of inflation is no longer confined just to the kitchen, yet the Prime Minister remains blissfully unconcerned, beating his drum away. Vegetables are getting more expensive by the day, with onion prices soaring 48.27% in August. Items such as air conditioners, TVs and refrigerators are also set to become more expensive. Household savings are steadily declining, while family debt is mounting. In such a scenario, how is the common family supposed to meet its needs?” Congress MP Jairam Ramesh wrote on X.Ramesh questioned why PM Modi continues to “sermonise” in the Mann Ki Baat series instead of addressing the public’s concerns.“In his ‘Mann Ki Baat’ radio series, the Prime Minister keeps sermonising on various issues, but when will he address the country’s most pressing concern—inflation? When will he care about the public’s worries? The public is already beleaguered by rising prices, and there’s no relief coming from the government.How on earth is the average family supposed to manage its budget? How long will the middle class and the poor have their backs broken like this?” the Rajya Sabha MP asked.According to the Ministry of Statistics and Programme Implementation’s (MoSPI) Consumer Price Index (CPI) release, retail inflation, based on the 2024=100 CPI, stood at 4.82% in August, up from 4.45% in July. Food inflation, measured by the Consumer Food Price Index (CFPI), rose to 5.95% in August from 5.52% in July. The August figures are provisional.Official data showed that onion inflation surged from 22.54% in July to 48.27% in August. Ginger recorded inflation of 73.82%, while garlic inflation stood at 43.60%. In contrast, tomato prices fell 31.09% year-on-year, while potato prices declined 13.14%.MoSPI data showed inflation in the combined food and beverages category at 5.66% in August. Transport inflation stood at 4.60 percent, education services at 3.73%, while restaurants and accommodation services recorded inflation of 8.38%. Personal care, social protection and miscellaneous goods and services registered inflation of 15.17%.The CPI data was compiled from price information collected across 1,407 urban markets, including online markets, and 1,465 villages nationwide. MoSPI reported a 100% response rate from both rural and urban markets in August.According to MoSPI, the next CPI data, covering September, is scheduled to be released on October 12.","The opposition party’s attack came a day after PM Modi addressed the nation in the 138th episode of Mann Ki Baat. “The brunt of inflation is no longer confined just to the kitchen, yet the Prime Minister remains blissfully unconcerned, beating his drum away,” Congress MP Jairam Ramesh wrote.","https://static.toiimg.com/thumb/msid-134533678,imgsize-161535,width-400,height-225,resizemode-4/cong-targets-pm-modi-for-ignoring-inflation.jpg"
"Stock market live updates today: BSE Sensex tumbles over 1,000 points, NSE Nifty50 trades below 22,900",https://timesofindia.indiatimes.com/business/india-business/stock-market-live-updates-today-bse-sensex-tumbles-over-600-points-nse-nifty50-opens-below-23000/articleshow/134531143.cms,"Bloodbath at Dalal Street

Also read |

Top laggards on BSE Sensex today:

Stock Price Change Bajfinance 979.20 -1.59% Kotakbank 397.00 -1.59% Hdfcbank 725.10 -1.45% Bajajfinsv 1,744.80 -1.37% M&M 2,991.90 -1.30% Hindunilvr 1,915.00 -1.29% Lt 3,830.40 -1.25% Bel 388.15 -1.23% Titan 4,824.05 -1.13% Eternal 331.20 -1.08%

Bloodbath at D-Street: Indices continue to crash

Also read |

(Disclaimer: Recommendations and views on the

stock market

, other asset classes or personal finance management tips given by experts are their own. These opinions do not represent the views of The Times of India)

Stock markets tumbled on Monday, with the benchmark Sensex plunging over 1,100 points to a six-month low and the Nifty closing below 22,800 as surging crude oil prices, geopolitical uncertainty and weak global trends weighed on investor sentiment.The 30-share BSE Sensex tanked 1,124.02 points, or 1.52 per cent, to settle at 72,771.72, its lowest closing level since March 30, 2026. During the session, it fell as much as 1,179.51 points, or 1.59 per cent, to 72,716.23.The market rout wiped out over Rs 6 lakh crore off the value of BSE-listed firms, whose combined market capitalisation stood at around Rs 476 lakh crore.Crude oil prices remained a key factor driving the benchmarks. Brent crude futures rose 1.5% to around $106 a barrel, while Asian markets declined 0.2%.Oil prices have remained volatile since late February, when the US and Israel launched joint strikes on Iran, triggering a war in the Middle East. Disruptions in the Strait of Hormuz have also continued for the seventh consecutive month. The latest rise in crude prices came amid a stalemate in US-Iran peace talks.Earlier, US President Donald Trump rejected an Iranian proposal to reopen the Strait of Hormuz and end the confict.Meanwhile, Iran, maintained that diplomacy was the only way to resolve its conflict with the United States and Israel.The movement in crude prices remains particularly important for India, the world’s third-largest crude importer. A sustained rise in oil prices can raise the country’s import bill, fuel inflation and put pressure on corporate margins.Rupee also continues to face renewed pressure, falling 20 paise against US dollar as the greenback continues to see support.At the same time, foreign investor selling has also continued to weigh down domestic equities. Provisional data showed foreign investors were net sellers of Indian shares worth 36.94 billion rupees ($385.54 million) on Friday.Their selling in September has so far reached $1.8 billion, taking their total selling for the year to $25.86 billion.""Globally, developments around US-Iran diplomacy and crude oil prices will remain critical. Any progress on a framework for reopening the Strait of Hormuz could ease energy prices and provide some relief to India's import bill and the rupee, while renewed geopolitical tensions could keep volatility elevated,"" Ajit Mishra, SVP – Research, Religare Broking, said.On the domestic front, Mishra said industrial production data for August and the HSBC manufacturing PMI reading would be released during the week. Market participants will also closely monitor foreign institutional investor (FII) activity and the upcoming monthly auto sales figures.Global bond yields are also expected to remain in focus following the Federal Reserve’s September policy decision.Ponmudi added that a series of economic data releases from the US would also be important for global risk sentiment. On the global front, US consumer confidence, JOLTS job openings and the eurozone’s September inflation cluster will be watched for signals on expectations around the global rate cycle.","The 30-share BSE Sensex tanked 1,124.02 points, or 1.52 per cent, to settle at 72,771.72. The market rout wiped out over Rs 6 lakh crore off the value of BSE- listed firms. The latest rise in crude prices came amid a stalemate in US-Iran peace talks.","https://static.toiimg.com/thumb/msid-134531943,imgsize-149188,width-400,height-225,resizemode-4/bloodbath-at-dalal-street.jpg"
"Weather tomorrow: IMD warns of heavy rain in Northeast, Karnataka, Tamil Nadu; thunderstorms likely",https://timesofindia.indiatimes.com/city/delhi/weather-tomorrow-imd-warns-of-heavy-rain-in-northeast-karnataka-tamil-nadu-thunderstorms-likely/articleshow/134534000.cms,"Heavy rain and thunderstorms are forecasted for isolated areas in the Northeast and South of India.

IMD alert for Tuesday

Thunderstorms, lightning and gusty winds

Northeast under heavy rain alert

South India forecast

Central and west India forecast

IMD's latest forecast for next few days





NEW DELHI: Heavy rain is likely at isolated places in parts of the Northeast, south interior Karnataka and Tamil Nadu, Puducherry and Karaikal on Tuesday, according to the India Meteorological Department (IMD).Several parts of the country are also likely to see thunderstorms, lightning and gusty winds.The IMD has forecast heavy rain at isolated places over Assam, Meghalaya, Nagaland, Manipur, Mizoram, Tripura, south interior Karnataka, Tamil Nadu, Puducherry and Karaikal.Thunderstorms accompanied by lightning and gusty winds are likely at isolated places over Assam and Meghalaya, Kerala and Mahe, central Maharashtra, Nagaland, Manipur, Mizoram and Tripura, and Tamil Nadu, Puducherry and Karaikal.Parts of the Andaman and Nicobar Islands, Andhra Pradesh and interior Karnataka may also see thunderstorms accompanied by lightning and gusty winds.Thunderstorms with lightning are likely at isolated places over Konkan, Goa and Madhya Pradesh.Andhra Pradesh may also see strong surface winds at isolated places.Assam and Meghalaya are likely to receive heavy rain on Tuesday, along with thunderstorms, lightning and gusty winds.Nagaland, Manipur, Mizoram and Tripura are also under a heavy rain warning and may see thunderstorms, lightning and gusty winds.South interior Karnataka is likely to receive heavy rain at isolated places on Tuesday, with thunderstorms, lightning and gusty winds also possible.Tamil Nadu, Puducherry and Karaikal may also receive heavy rain, along with thunderstorms, lightning and gusty winds. Kerala and Mahe are likely to see thunderstorms, lightning and gusty winds.Central Maharashtra is likely to see thunderstorms, lightning and gusty winds at isolated places.Thunderstorms and lightning are also forecast over Konkan, Goa and Madhya Pradesh.Rainfall is also likely to continue over parts of central and western India, including Madhya Pradesh, Vidarbha, Chhattisgarh, Gujarat, Konkan, Goa and central Maharashtra, at varying intervals through October 3.","Heavy rain is likely at isolated places in parts of the Northeast, south interior Karnataka and Tamil Nadu, Puducherry and Karaikal on Tuesday. Thunderstorms accompanied by lightning and gusty winds are likely over Assam and Meghalaya, Kerala and Mahe, central Maharashtra, Nagaland, Manipur, Mizoram.","https://static.toiimg.com/thumb/msid-134534196,imgsize-389988,width-400,height-225,resizemode-75/heavy-rain-and-thunderstorms-are-forecasted-for-isolated-areas-in-the-northeast-and-south-of-india.jpg"
Lung cancer deaths down 16% with low-dose CT screening: IARC,https://timesofindia.indiatimes.com/india/lung-cancer-deaths-down-16-with-low-dose-ct-screening-iarc/articleshow/134531633.cms,"Lung cancer deaths can be reduced through low-dose CT screening, which can also help detect the disease before it reaches advanced stages in people at high risk, according to an IARC assessment.

Join conversation View All Comments → Share your thoughts in the comments Insightful Agree Disagree Skeptical Concerning Promising Worth Reading Big Development Post Comment Be respectful · TOI community guidelines

NEW DELHI: Low-dose computed tomography (CT) screening can cut the risk of dying from lung cancer by 16% in high-risk people, while also reducing the incidence of advanced stage III or IV disease, an International Agency for Research on Cancer (IARC) working group has found.Published in The New England Journal of Medicine, the assessment found established evidence that low-dose CT reduces lung cancer mortality when used in people at high risk based mainly on age and smoking history.IARC convened a working group of 23 clinicians and scientists from 17 countries, including Dr Abhishek Shankar of All India Institute of Medical Sciences, New Delhi, to assess the benefits and harms of lung cancer screening.The evidence mainly applies to people aged 50 to 80 with a substantial smoking history, typically at least 20 to 30 pack-years. Studies involving former smokers generally included those who had quit within the previous 10 to 15 years, with screening usually performed annually.In India, people aged 50 to 80 with at least 20 pack-years of smoking who are current smokers or quit within the past 15 years can contact the Indian Lung Screening Trial, led by Dr Abhishek Shankar at AIIMS, New Delhi, about screening.Dr Shankar has invited eligible people to contact him for screening under the trial.The evidence behind the finding came mainly from randomised trials. In the US National Lung Screening Trial, people screened with low-dose CT had a 16% lower relative risk of dying from lung cancer than those screened with chest X-rays at seven years. The European NELSON trial also found lower lung cancer mortality among men screened with low-dose CT at 10 years.Based on this evidence, the IARC group classified low-dose CT as Group A, indicating established evidence that it reduces lung cancer mortality and the incidence of stage III or IV disease. Chest X-rays, with or without sputum examination, were classified as Group C, as their ability to reduce lung cancer mortality could not be established.However, the review cautioned that low-dose CT screening is not meant for everyone. False-positive results ranged from 1% to 42% across studies, depending on the screening protocol. Among those with false-positive results, 5% to 32% underwent at least one invasive procedure, with complications occurring in 10% to 22% of such procedures.The review also estimated that 3% to 26% of lung cancers detected in randomised trials involving high-risk people could represent overdiagnosis, meaning cancers that might not have caused harm during the person's lifetime.The working group said effective lung cancer screening needs more than CT scanners, including systems for identifying eligible people, assessing risk, monitoring nodules, providing treatment and follow-up, along with smoking-cessation support. Organised programmes also require trained staff, quality assurance, adequate healthcare capacity and equitable access.","Low-dose computed tomography (CT) screening can cut the risk of dying from lung cancer by 16% in high-risk people. It can also reduce the incidence of advanced stage III or IV disease, according to an IARC assessment. The evidence mainly applies to people aged 50 to 80 with a substantial smoking history.","https://static.toiimg.com/thumb/msid-134531705,imgsize-57946,width-400,height-225,resizemode-4/sharp-rise-in-lung-cancer-among-women.jpg"
Travis Kelce's $200 million Six Flags investment faces new low as investors push for a potential sale,https://timesofindia.indiatimes.com/sports/nfl/news/travis-kelces-200-million-six-flags-investment-faces-new-low-as-investors-push-for-a-potential-sale/articleshow/134605365.cms,"Travis Kelce (Getty Images)

Six Flags faces mounting financial pressure

Travis Kelce’s Six Flags investment faces another test

Join conversation View All Comments → Share your thoughts in the comments Post Comment Be respectful · TOI community guidelines

Six Flags is facing a fresh challenge after an investor group that includes Travis Kelce pushed the theme park company to consider a possible sale. The move comes as the operator deals with heavier losses, fewer visitors and pressure on its stock price. Jana Partners, which joined Kelce and other investors in taking a stake in Six Flags, is now seeking action from the company’s board. The development marks a sharp turn from the group’s earlier effort to help strengthen the parks and improve their appeal to families.Jana Partners reportedly contacted Six Flags’ board on Tuesday and asked it to bring in an investment bank to examine a potential sale. The request followed disappointment over the company’s latest financial results, which showed how difficult the current environment has become for the theme park operator.Six Flags posted a $203 million net loss for the second quarter, more than double the $100 million loss recorded during the same period a year earlier. Attendance also fell. The company reported 13.1 million guest visits, down about 7% from 14.2 million visits in the comparable period.The pressure has also reached the stock market. Six Flags shares traded at about $12.43 on Wednesday, roughly half their yearly peak of close to $25.Jana Partners and fellow investors, including Kelce, acquired a combined stake of around 9% in Six Flags last October. Their investment was valued at roughly $200 million at the time. Jana had previously focused on improving the company's marketing and customer experience while also considering strategic options that could increase shareholder value.Six Flags said it remains focused on its investors and its wider business plans.""We have a history of engaging constructively with all of our shareholders and value their perspectives. We are focused on executing on our strategic priorities and are committed to maximizing shareholder value.""Travis Kelce's connection to Six Flags goes beyond his investment. The Kansas City Chiefs star has long had an attachment to Cedar Point in Ohio, a park he visited while growing up.When the investment was announced, Kelce shared his excitement about helping shape the company's future.""Couldn't pass up the opportunity to continue the tradition and make Cedar Point and Six Flags even more special for the next generation of families!""He added, ""Excited to partner with JANA Partners as an investor in Six Flags. So crazy to even imagine this is real, but you gotta love it when life comes full circle.""The company is also dealing with legal challenges involving its X2 roller coaster at Six Flags Magic Mountain in California. Three people who say they suffered serious brain injuries after riding the attraction have filed lawsuits. The coaster, known for rotating seats and head-first drops, remains closed.Attorney Christopher Bulone said, ""No ride like that should be allowed to exist,"" according to CNN.Six Flags declined to comment on the pending lawsuits but confirmed to KABC that the ride ""remains closed at this time.""","Six Flags posted a $203 million net loss for the second quarter, more than double the $100 million loss recorded during the same period a year earlier. Six Flags shares traded at about $12.43 on Wednesday, roughly half their yearly peak of close to $25.","https://static.toiimg.com/thumb/msid-134605369,imgsize-67155,width-400,height-225,resizemode-4/travis-kelces-real-estate.jpg"
"Maria Sharapova built a $220 million fortune after tennis by turning Grand Slam fame into Sugarpova, major endorsements, strategic investments and entrepreneurship",https://timesofindia.indiatimes.com/sports/international-sports/maria-sharapova-built-a-220-million-fortune-after-tennis-by-turning-grand-slam-fame-into-sugarpova-major-endorsements-strategic-investments-and-entrepreneurship/articleshow/134619599.cms,"Maria Sharapova net worth in 2025: Tennis career, business ventures, endorsements and more (Image via gETTY)

Maria Sharapova built her $220 million fortune beyond tennis success

Wealth source Key details Tennis career Five-time Grand Slam champion Career earnings $325 million before taxes, according to Forbes Sugarpova Founded in 2012 Endorsements Nike, Evian, Porsche and TAG Heuer Investments Consumer, wellness, fitness and technology businesses

Maria Sharapova turned endorsements into long-term business opportunities

Company or brand Sharapova’s connection Nike Long-term endorsement Evian Brand partnership Porsche Brand partnership TAG Heuer Endorsement partnership Supergoop! Investor and spokesperson

Maria Sharapova expanded wealth through strategic startup investments

Join conversation View All Comments → Share your thoughts in the comments Post Comment Be respectful · TOI community guidelines

Maria Sharapova’s financial journey didn’t end when she retired from professional tennis in 2020. The five-time Grand Slam champion had already amassed a large commercial profile during her playing career, with endorsements and business ventures supplementing her tennis earnings. Sharapova made $325 million before taxes during her career, which included endorsement income, Forbes reported.The most obvious example of her leap into entrepreneurship was her candy company, Sugarpova, which she founded in 2012. The venture gave Sharapova hands-on experience in branding, product development and business operations, and established the foundation for her later investing activities.Sharapova has built her wealth not just from professional tennis, but from a number of different income streams. Her Grand Slam wins have helped increase her global profile and partnerships with companies such as Nike, Evian, Porsche and TAG Heuer have generated significant commercial opportunities.Sugarpova was a big step in that Sharapova went from being a sponsored athlete to a business owner. The company eventually shut down, but the experience helped her develop an understanding of entrepreneurship and investment.With her tennis career, Sharapova’s commercial portfolio expanded. One of her most significant partnerships was with Nike, while brands such as Porsche, Evian and TAG Heuer helped boost her global commercial profile.Her work with Supergoop! was another on her path. Sharapova invested in and fronted the skincare company, blending her public profile with an ownership stake instead of simply using traditional endorsement deals.That meant Sharapova could learn about branding, product development and commercial strategy, all the while still capitalizing on her reputation as an elite athlete.Since retiring, Sharapova has shifted her focus more toward investment and advisory opportunities. She has worked with companies across wellness, fitness, beauty and fintech, including Therabody, Tonal, Supergoop!, Bala Bangles, Public.com and MoonPay.Her connection with Therabody was more than just a sponsorship. Sharapova became an investor and member of the company’s advisory board, bringing her professional athlete background to the wellness-focused business.She also appeared on Shark Tank and then partnered with Mark Cuban for an investment in Bala Bangles. Sharapova has also taken a seat on the board of luxury fashion group Moncler, adding corporate leadership to her entrepreneurial portfolio.These ventures mark a shift for Sharapova, from making money primarily. One of the most well-rounded athletes in the world, with a model that includes all through tennis and endorsements to a model that includes business ownership, investments and strategic advisory roles.","Maria Sharapova made $325 million before taxes during her career, according to Forbes. The five-time Grand Slam champion turned endorsements into long-term business opportunities. She has worked with companies across wellness, fitness, beauty and fintech. Since retiring, she has shifted her focus more toward investment and advisory opportunities.","https://static.toiimg.com/thumb/msid-134619637,imgsize-1277210,width-400,height-225,resizemode-4/maria-sharapova-net-worth-in-2025-tennis-career-business-ventures-endorsements-and-more.jpg"
Why Bengaluru residents are pushing back against Airbnb-style stays in residential neighbourhoods,https://timesofindia.indiatimes.com/city/bengaluru/why-bengaluru-residents-are-pushing-back-against-airbnb-style-stays-in-residential-neighbourhoods/articleshow/134608252.cms,"Residents said the homestay-cum-café could bring more visitors, increasing noise and disturbance in the residential area (AI Image)

Why residents are opposing the homestay

Residents seek clarity on permissions

I wanted to do this for the Gen-Z: Property owner





BENGALURU: Residents of HRBR Layout are pushing back against the proposed opening of a homestay-cum-café in their residential neighbourhood, raising concerns over noise, pollution, parking and the impact of increased commercial activity on the area.Residents of 5th A Main Road, including young and elderly residents, took to the streets with banners and slogans to oppose Blossomly House, a proposed commercial homestay-cum-cafeteria.They argued that homestay-cum-café and similar commercial facilities should not be introduced in what they described as a peaceful residential layout.The residents have also raised concerns over an alleged encroachment of a rajakaluve beside the property and the proposed installation of a commercial exhaust system.They fear the exhaust could result in considerable noise, smoke, odour and air pollution for people living in the surrounding area.Residents said the proposed homestay-cum-café could bring a steady flow of visitors into the neighbourhood, increasing noise and disturbance in an area primarily meant for residential use.“If 20–30 or more people gather and smoke at the premises, it could create significant health and nuisance concerns for neighbouring residents.Along with that, with a large number of customers entering and leaving, talking, gathering and moving around, there is a possibility of increased noise disturbance in what is otherwise a residential area,” said resident KR Prabhakar.Parking is another concern for residents, particularly those who have lived in the neighbourhood for several years. They said neighbouring roads were already experiencing commercial activity and parking pressure, and feared that the proposed establishment could further reduce parking spaces available to locals.Gomathy Venkatesan, an elderly resident, alleged that the café management did not take her objections into consideration when she initially raised them.“I have been staying here for 35 years, but when we told the owner our disagreements, he asked us to bear all the issues and stay or vacate, adding that the road will soon become a commercial hub,” she told TOI.A former leader of opposition of the erstwhile Bruhat Bengaluru Mahanagara Palike (BBMP), who joined the protest, said the area was purely residential and that no commercial development would be allowed under any circumstances.The residents have also questioned whether the proposed establishment has all the permissions required to operate in the area. They have written to Bengaluru North City Corporation (BNCC), seeking verification of permissions related to zoning, land-use compliance and rajakaluve clearance.Their concerns come as the proposed property combines a homestay with a café, bringing together accommodation and a customer-facing commercial activity within the residential layout.Sachin Jain, who owns the upcoming property, said the café was intended to “give back something to the society”. He rejected the suggestion that the project was “very commercial” and said the aim was not to cause inconvenience to residents.“I wanted to do this for the Gen-Z; this is nothing like a traditional cafe and this place will strictly be a no-smoking zone. I am also planning to incorporate a library within the place along with a homestay so that youngsters can read and take in the ambience,” Sachin said.While residents have raised concerns about the nature and impact of Airbnb-style stays and commercial activity in their neighbourhood, the property owner has maintained that the proposed facility is intended to offer a different kind of space and would not be aimed at causing inconvenience to those living nearby.","Residents of HRBR Layout are pushing back against the proposed opening of a homestay-cum-café in their residential neighbourhood. They have raised concerns over noise, pollution, parking and the impact of increased commercial activity on the area.","https://static.toiimg.com/thumb/msid-134608517,imgsize-192282,width-400,height-225,resizemode-75/residents-said-the-homestay-cum-caf-could-bring-more-visitors-increasing-noise-and-disturbance-in-the-residential-area-ai-image.jpg"
Bengaluru-Mumbai Vande Bharat Sleeper: India's second sleeper train to start this month,https://timesofindia.indiatimes.com/city/bengaluru/bengaluru-mumbai-vande-bharat-sleeper-indias-second-sleeper-train-to-start-this-month/articleshow/134631254.cms,"The Indian railway board has announced the introduction of the Vande Bharat Sleeper train service





BENGALURU: After much delay, the railway board is set to notify the SMVT Bengaluru-Mumbai CSMT Vande Bharat Sleeper soon. Sources state that the service will be flagged off later this month.The country's second Vande Bharat sleeper will significantly cut rail travel time between India's tech and financial capitals.According to the current plan, the flagship train will operate six days a week in both directions and will complete the journey in less than 16 hours. Currently, the Udyan Express, which is the only daily direct train between the cities, takes 24 hours on average.It could depart SMVT Bengaluru at 10 pm and reach CSMT Mumbai at 1:50 pm. In the return direction, the train could depart Mumbai at 10:30 pm and arrive in Bengaluru at 2:50 pm. Sources indicated that the timetable could change.While a flag-off date is yet to be announced, railway zones have been instructed to start it at an early, convenient date.The service will not pass through Hubballi; instead, it will have stoppages at Anantapur, Guntakal, Raichur, Kalaburagi, Solapur, and Kalyan.A superfast rail connectivity to Mumbai has been a demand that passengers have been raising for more than three decades. Despite promises, the travel between Mumbai and Bengaluru remains on the slower side. However, the announcement of the Vande Bharat Express is expected to ease and enhance the demand.","The country's second Vande Bharat sleeper will significantly cut rail travel time between India's tech and financial capitals. The flagship train will operate six days a week in both directions and will complete the journey in less than 16 hours. Currently, the Udyan Express, which is the only daily direct train between the cities, takes 24 hours on average.","https://static.toiimg.com/thumb/msid-134631256,imgsize-92750,width-400,height-225,resizemode-75/the-indian-railway-board-has-announced-the-introduction-of-the-vande-bharat-sleeper-train-service.jpg"
Adani Group plans Rs 6 lakh crore investment in Maharashtra; Rs 2.6 lakh crore projects underway,https://timesofindia.indiatimes.com/business/india-business/adani-group-plans-rs-6-lakh-crore-investment-in-maharashtra-rs-2-6-lakh-crore-projects-underway/articleshow/134631142.cms,"Pranav Adani said AEML provides electricity to over 3 million residential homes and establishments across Mumbai.

Adani Electricity

Aviation

Dharavi project

The Adani Group has completed or is currently executing projects worth at Rs 2.6 lakh crore in Maharashtra, Pranav Adani said on Thursday, during the launch of the state’s investment promotion agency, “Invest Maharashtra”.Speaking at the launch programme, Pranav Adani, who is Managing Director, Agro, Oil & Gas for Adani Group said the group’s planned investments in Maharashtra are worth more than Rs 6 lakh crore. The proposed projects cover a range of sectors, including energy, aviation and aero-districts, urban regeneration, data centres and coal gasification.""At the World Economic Forum in Davos and through state partnerships, the Adani Group has committed to an investment blueprint exceeding 6 lakh crore rupees across critical and upcoming sectors like energy, aviation and aero-districts, urban regeneration, data centres and coal gasification. Projects worth 2.6 lakh crore rupees are already completed or under execution,"" he said according to an ET report.He noted that the Adani Group’s association with Maharashtra goes back several decades. However, its latest investment commitments mark a substantial expansion in the scale of its plans, as the state works towards its goal of becoming a one-trillion-dollar economy by 2030, with the Mumbai Metropolitan Region expected to be a key driver.Pranav Adani said Adani Electricity Mumbai Limited (AEML) provides electricity to over 3 million residential homes and establishments across Mumbai.He said renewable energy now accounts for over 60% of AEML’s electricity supply, and the company intends to raise this proportion to 70% or more.The Adani Group is also running a 1,000 MW High Voltage Direct Current (HVDC) transmission corridor to supply green electricity to Mumbai.""And to insulate Mumbai’s financial core from outages, our 1,000 MW High Voltage Direct Current (HVDC) transmission link brings resilient, clean green power directly into the city,"" he said.Pranav Adani further said the group’s pumped-storage hydro projects in Maharashtra are designed to help ensure a continuous supply of green baseload power.Highlighting the group’s presence in Maharashtra’s aviation sector, Pranav Adani referred to the Chhatrapati Shivaji Maharaj International Airport (CSMIA), which it manages, as well as the greenfield Navi Mumbai International Airport.""Alongside it, we are delivering the greenfield Navi Mumbai International Airport - a transformative infrastructure asset designed to anchor the Mumbai Metropolitan Region’s growth – and eventually handle over 90 million passengers annually,"" he said.The group is additionally building integrated airport-linked business and hospitality districts around both aviation hubs. Pranav Adani said these developments are intended to bring changes to urban mobility and commercial activity.Pranav Adani also spoke about the Dharavi Redevelopment Project, calling it a significant part of the group’s role in reshaping Mumbai’s urban landscape.""Our approach is people-first: ensuring dignity, creating modern housing before relocation, formalising and safeguarding thousands of microenterprises - from leathercraft to pottery - and transforming Asia's largest informal settlement into a vibrant, integrated economic hub without displacing the community's soul,"" he said.He said the initiative is among the group’s contributions to “Mumbai 3.0”, envisaged as a metropolitan region that is better connected, more balanced and inclusive.According to Pranav Adani, the launch of Invest Maharashtra will create a platform to take investor interest beyond expressions of intent and translate it into projects on the ground.""On behalf of the Adani Group, I reaffirm our unwavering commitment to stand shoulder-to-shoulder with the Government of Maharashtra and its hard-working people,"" he said.He said the group seeks to play a role in expanding Maharashtra’s industrial base while contributing to the state’s wider development goals. ""Because when Maharashtra wins, India wins,"" he said.","The Adani Group has completed or is currently executing projects worth at Rs 2.6 lakh crore in Maharashtra. Pranav Adani said the group’s planned investments in Maharashtra are worth more than Rs 6 lakh crore. The proposed projects cover a range of sectors, including energy, aviation and aero-districts.","https://static.toiimg.com/thumb/msid-134631238,imgsize-277577,width-400,height-225,resizemode-4/pranav-adani.jpg"
Mumbai train alert: 75-day CSMT block from October 1; 8 long-distance trains short-terminated,https://timesofindia.indiatimes.com/city/mumbai/mumbai-train-alert-75-day-csmt-block-from-october-1-8-long-distance-trains-short-terminated/articleshow/134562511.cms,"Central Railway will implement a 75-day traffic and power block at Chhatrapati Shivaji Maharaj Terminus from October 1 (File photo)

Seven trains will be short-terminated at Dadar:

11002 Ballarshah-CSMT Nandigram Express

12810 Howrah-CSMT Express

12112 Amravati-CSMT Express

11020 Bhubaneswar-CSMT Konark Express

22120 Madgaon-CSMT Tejas Express

22144 Bidar-CSMT Express

22108 Latur-CSMT Express

12134 Mangaluru-CSMT Express will be short-terminated at Thane





MUMBAI: Central Railway will impose another 75-day traffic and power block at Chhatrapati Shivaji Maharaj Terminus (CSMT) from October 1 to December 15 for the redevelopment of the heritage terminus, resulting in eight long-distance trains being short-terminated at Dadar and Thane.The block will cover platforms 14 and 15 and stabling line 15 and will be undertaken in connection with Phase-I of the CSMT redevelopment being executed by the Rail Land Development Authority (RLDA).Foundation work and other essential construction activities will be carried out during the block, with train operations from the two platforms suspended until the work is completed.The latest block comes after a prolonged closure of platforms 16 and 17 for the same redevelopment project.The earlier block began on February 1 and was initially scheduled for 85 days, till April 26. It was subsequently extended several times, with Central Railway saying the block continued until September 5.During this period, 10-14 long-distance trains were short-terminated at Dadar and Thane at different stages.The decision to take up work on platforms 14 and 15 had been a concern for Central Railway because these platforms handle another 16-18 long-distance services every day.CR had sought to have platforms 16 and 17 made fully operational before additional platforms were taken up for construction, citing the potential for further disruption to long-distance operations.The Rs 2,450-crore CSMT redevelopment project, approved by the Union cabinet in 2022, envisages transforming the terminus into an integrated transport hub while retaining the heritage character of its main Victorian Gothic building.The project includes new buildings, an elevated deck connecting platforms, improved passenger facilities and commercial spaces. The original completion deadline of March 2026 has been extended to October 2028.On completion of the current block, RLDA will hand over platforms 14 and 15 for train operations, Central Railway said.Passengers travelling on the affected trains have been advised to plan their journeys accordingly.",Central Railway will impose another 75-day traffic and power block at Chhatrapati Shivaji Maharaj Terminus (CSMT) from October 1 to December 15. Eight long-distance trains will be short-terminated at Dadar and Thane. The block will cover platforms 14 and 15 and stabling line 15.,"https://static.toiimg.com/thumb/msid-134562582,imgsize-73678,width-400,height-225,resizemode-75/central-railway-will-implement-a-75-day-traffic-and-power-block-at-chhatrapati-shivaji-maharaj-terminus-from-october-1-file-photo.jpg"
