Article Title,Article Link,Article Text,Article Summary,Article Image
"Bank unions call off 3-day strike after assurances, IBA to study demands",https://timesofindia.indiatimes.com/india/bank-unions-call-off-3-day-strike-after-assurances-iba-to-study-demands/articleshow/134526239.cms,"Bank unions withdraw three-day strike after late-night agreement with IBA on key demands.

NEW DELHI: Bank unions called off their proposed three-day strike just before midnight after the Indian Banks Association agreed to look into their demands.""A high-level committee of IBA and UFBU (United Forum of Bank Unions) will be formed immediately to deliberate on the issue of declaring the remaining Saturdays as holidays. This committee will explore, all possible alternatives; discuss with all stakeholders, and work out a solution acceptable to all stakeholders and, more importantly, the customers,"" a late night communication said.Unions want a five-day work week, which is being resisted by banks as it may inconvenience customers.The late-night announcement came after what turned out to be a working Sunday for state-run bank employees as govt ordered branches to stay open so that customers are not inconvenienced.","Unions want a five-day work week, which is being resisted by banks as it may inconvenience customers. The late-night announcement came after what turned out to be a working Sunday for state-run bank employees. Govt ordered branches to stay open so that customers are not inconvenienced.","https://static.toiimg.com/thumb/msid-134526414,imgsize-65566,width-400,height-225,resizemode-4/bank-unions-call-off-three-day-strike-after-iba-agrees-to-examine-demands-including-a-five-day-work-week.jpg"
"'Left' in existential crisis: From CPI-CPM rift in Kerala to Delhi rout, old fault lines deepen",https://timesofindia.indiatimes.com/india/left-in-existential-crisis-from-cpi-cpm-rift-in-kerala-to-delhi-rout-old-fault-lines-deepen/articleshow/134517301.cms,"The Left faces a deeper political challenge as electoral setbacks, internal tensions and shrinking influence converge

Pinarayi probe: Another challenge after Kerala defeat

DUSU polls: Why isn't Left mobilisation becoming votes?

CPI vs CPM: When opposition itself becomes a battlefield

From Bengal to Kerala: How did the Left reach here?

Poll Vote & Share your view How pivotal is the recent defeat in Kerala for the future of the Left in India? Extremely pivotal Moderately pivotal Not very pivotal Not pivotal at all 3k+ users shared opinion today 5k+ users already voted today 3k+ users shared opinion today Share Opinion

Join conversation View All Comments → Share your thoughts in the comments Insightful Agree Disagree Skeptical Concerning Promising Worth Reading Big Development Post Comment Be respectful · TOI community guidelines

What next for the Left?

There was a time when the Left’s political footprint stretched from West Bengal to Tripura and Kerala. Its influence travelled further still, through trade unions, university campuses, farmers’ movements and a cadre network that kept the red flag visible even where Communist parties were not in power. That map has steadily grown smaller.For India’s Left, the question is no longer only about shrinking electoral numbers. It is increasingly about where the Communist movement still has the political space, organisational confidence and social influence to assert itself. In Delhi, the SFI-AISA alliance has struggled to translate visible participation in student mobilisations into votes. In Kerala, the two principal constituents of the Left Democratic Front, the CPM and CPI, have found themselves publicly at odds over even the distribution of positions within the opposition, and that too after a heavy defeat in the assembly elections.These may appear to be separate battles, but they have come at a particularly difficult moment for the Left. The Kerala defeat has left it without a state government, the CPM and CPI are publicly disagreeing over the way forward, former chief minister Pinarayi Vijayan is facing a probe, and the Delhi university results have again exposed the gap between the Left’s visibility in student movements and its electoral reach.The timing makes these developments particularly significant. The Left’s retreat has been a long process. The fall of the Left Front in West Bengal in 2011, the loss of Tripura in 2018 and the steady decline in its parliamentary strength had already reduced the Communist parties’ national footprint. Kerala had remained the exception, a state where the Left retained a durable organisational network and, in 2021, even broke the state’s established cycle of alternating between the LDF and UDF governments. Its defeat in 2026 means that India currently has no state government led by a Communist party.But the more revealing question may be what is happening beneath the election results. Is the Left merely going through another electoral trough, particularly after a decade in power in Kerala, or are the latest developments exposing older fault lines, from leadership and alliance tensions to the difficulty of converting traditional political mobilisation into electoral support?On September 22, the UDF government ordered a police inquiry based on an Enforcement Directorate report concerning allegations involving former chief minister and current leader of opposition Pinarayi Vijayan, his daughter Veena T and son-in-law PA Mohammed Riyas in the CMRL-Exalogic case. The state government said the inquiry would be entrusted to the state police; reports said it would initially be conducted by the Crime Branch without registration of an FIR.The underlying allegations are already part of an ED investigation. The agency has alleged financial irregularities involving payments made by Cochin Minerals and Rutile Ltd to Veena's now-defunct company Exalogic Solutions, and has sought action against Vijayan and others. The Kerala government's decision followed legal advice on whether the information and material supplied by the ED warranted a preliminary inquiry.For the CPM, however, the political dimension is inseparable from the legal one. Party general secretary MA Baby has said the party will fight the matter “legally and politically”, while accusing central agencies of having been used against opposition leaders.That places the Left in an unfamiliar position in Kerala. For a decade, Vijayan and the CPM were operating from government. Now the former chief minister is leading the opposition while facing a probe ordered by the government that replaced him.The probe comes only months after the LDF lost power following a decade in government, at a time when the CPM is already examining what went wrong and trying to regroup in opposition. The question is therefore not simply whether the allegations withstand investigation. The episode also puts Vijayan and the record of the previous government back under scrutiny at a particularly difficult moment for the party.The Delhi University Students' Union election offers a different window into the Left's problem, particularly its ability to convert activism and issue-based mobilisation into electoral support.The SFI-AISA alliance had been visible in campaigns around issues including student housing, examinations and accountability, and had participated prominently in the CJP mobilisation. Yet its electoral numbers declined in three of the four central-panel contests compared with 2025. Its presidential candidate Ananya Raturi received 5,377 votes, almost identical to the 5,385 polled by the alliance's candidate last year. But its vice-presidential tally fell from 4,163 to 2,383, the secretary vote from 9,535 to 8,734 and the joint-secretary vote from 8,425 to 5,837.The results also showed that student politics cannot simply be read as a binary contest between the major national parties and the Left. ABVP won three of the four central-panel positions, while Independent candidate Deepanshu Shokeen won the vice-president's post with 30,615 votes. He had previously been associated with Congress-affiliated NSUI but contested independently after not receiving its ticket.For the Left, the striking element is the gap between mobilisation and electoral conversion. A political organisation can be prominent in protests, articulate grievances on campuses and participate in wider movements, but that visibility does not automatically translate into votes.The presidential contest is particularly revealing. The Left candidate finished with 5,377 votes, while ABVP's Yash Dabas won with 24,576 and NSUI's Vijay Shankar Meena polled 22,523. The result does not erase the Left's presence on campus, but it does expose the difficulty of turning that presence into control of student institutions.And that is why the DUSU result matters beyond one university election. Student politics has historically been an important space for the Left to recruit, organise and build its next generation of political workers. Sitaram Yechury, for instance, rose through student politics at JNU before eventually becoming CPI(M) general secretary.The question for the Left now is simpler: if it can still bring young people to protests and movements, why is it struggling to bring them to the ballot box?The strain is also visible inside Kerala's Left alliance. After the LDF's assembly defeat, the CPI demanded the post of deputy leader of the opposition in the assembly, arguing for a larger role within the alliance. The CPM, however, rejected the demand, with Vijayan publicly opposing it.On the surface, the disagreement is about a post. But underneath it is a larger debate about how the LDF should function after its election defeat. The CPI has argued for greater sharing of responsibilities and “collective leadership”, while the CPM has maintained that the alliance should follow its established conventions.The disagreement soon spilled into public. CPI state secretary Binoy Viswam criticised Vijayan's stand, while senior CPI leader C Divakaran went further and questioned Vijayan's authority to dismiss the demand. Divakaran also argued that Vijayan should have taken responsibility for the election defeat rather than becoming leader of the opposition.The CPM pushed back too. CPM state secretariat member C N Mohanan questioned the CPI's electoral strength and accused it of using pressure tactics against the larger ally.The dispute may appear procedural because the deputy leader's post is largely an organisational and parliamentary position. But its political significance lies elsewhere. The CPI has sought greater recognition after the LDF's defeat, while the CPM, as the dominant force in the alliance, remains the principal party responsible for its direction.The two parties have since tried to prevent the dispute from escalating further. But the episode illustrates a problem that often becomes sharper after an electoral defeat: who takes responsibility for the loss, and who gets to decide the course correction?Kerala's 2026 verdict completed a long retreat. West Bengal's Left Front had ruled continuously from 1977 until 2011, while Tripura remained under Left Front rule for 25 years before the BJP ended that run in 2018. Kerala subsequently became the Left's last major governing base.But the story of the Left's decline has not been the same everywhere. In West Bengal, the 2011 defeat ended 34 years of uninterrupted Left Front rule and the Communist parties have since struggled to recover their old electoral space. In Tripura, the BJP displaced the Left after 25 years in power and emerged as its principal rival. Kerala followed a different trajectory, with power traditionally alternating between the LDF and Congress-led UDF.That is what made the LDF's 2021 victory particularly significant. The Vijayan government returned for a second consecutive term, breaking Kerala's four-decade pattern of alternating governments and giving the Left something it no longer had elsewhere: a state where it could demonstrate that it remained capable not only of surviving, but of retaining power.The 2026 defeat is therefore different from Bengal and Tripura and cannot automatically be equated with the organisational collapse witnessed elsewhere. Yet the scale of the setback raises questions beyond normal anti-incumbency. The LDF was reduced from 94 seats to 35, while the UDF won 102. The CPI(M) also suffered defeats in areas traditionally associated with its organisation, including parts of Kannur. BJP candidates won three seats, Chathannoor, Nemom and Kazhakoottam, including constituencies that had been held by LDF leaders.The larger national trajectory has been just as stark. At its parliamentary peak in 2004, the Left parties together had 59 Lok Sabha MPs and provided crucial outside support to the first UPA government. Twenty-two years later, their presence in Parliament and across state governments is a fraction of what it was.The decline cannot be traced to a single election or a single cause. The Left has had to contend with the loss of old strongholds, changes in the nature of work and organised labour, the rise of powerful regional parties, the BJP's expansion into states where the Left once had substantial space, and the challenge of reaching a generation of voters with little memory of the Communist parties at the height of their political influence.Kerala had, for years, stood apart from that national decline. The 2026 result does not mean the Left's organisational base in the state has disappeared, but it has removed its last seat of state power and made the problems elsewhere much harder to ignore.With no Communist-led state government left, a diminished parliamentary presence, weaker conversion of student mobilisation into votes and visible friction among its own principal parties, the Left finds itself at one of its most difficult political moments.The challenge is no longer simply how to win the next election. It is whether the political space that once made the Communist movement a national force can still be reconstructed, and whether the Left can address its old fault lines while finding its place in a changing political landscape.","The Left faces a deeper political challenge as electoral setbacks, internal tensions and shrinking influence converge. The Kerala defeat has left it without a state government, the CPM and CPI are publicly disagreeing over the way forward. Former chief minister Pinarayi Vijayan is facing a probe, and the Delhi university results have again exposed the gap between the Left’s visibility in student movements and its electoral reach.","https://static.toiimg.com/thumb/msid-134517301,imgsize-141121,width-400,height-225,resizemode-4/134517301.jpg"
PM Modi pens tribute to Ashok Singhal: 'A great personality who was committed to nation-building',https://timesofindia.indiatimes.com/india/pm-modis-tribute-to-ashok-singhal-a-great-personality-who-was-committed-to-nation-building/articleshow/134526177.cms,"Join conversation View All Comments → Share your thoughts in the comments Insightful Agree Disagree Skeptical Concerning Promising Worth Reading Big Development Post Comment Be respectful · TOI community guidelines

There is a beautiful saying that the tree does not consume its own fruit, nor does the river retain its waters. Both exist for the benefit of others. Our saints and seers have long taught us that a life devoted to the welfare of those around us acquires a meaning far greater than individual achievement. If there is one person in whom this spirit was constantly reflected, it was Shri Ashok Singhal ji.Starting Sept 27, we mark his birth centenary to celebrate an outstanding personality who brought together spiritual pursuit, cultural awakening and decades of dedicated organisational work.I consider it a privilege that I had innumerable opportunities to interact with Ashok ji and receive his affection. One of the earliest instances dates back to 1981, when I was a young karyakarta going about the organisational duties given to me. I received a handwritten letter from him. Naturally, it was a noteworthy moment for me. He talked about an important upcoming programme and gave a few tasks to be done.Over several decades, I saw him work day and night. He would undertake long and often difficult travels to the remotest of areas. He was particularly passionate about travelling across tribal areas of Gujarat. His mind was constantly running, thinking about what more one can do for those on the margins of society.Whenever any part of the nation was affected by a natural disaster, Ashok ji was either among the first to reach there himself or among those guiding karyakartas to help those affected. My own experience with him in the aftermath of the 2001 Kutch earthquake was unforgettable.This spirit of compassion and care for others is something that came to Ashok ji very early in his life. He hailed from a very illustrious and prosperous family. His father, Shri Mahavir ji, was a distinguished administrator. One of his bro-thers, Shri BP Singhal ji, went on to become a police officer and later a member of Parliament. Another brother, Shri VP Singhal ji, was the chief secretary of Tripura when the state was just formed. Other family members succeeded in the world of commerce and agriculture. But from a young age, Ashok ji was attracted to something else altogether... the revival of Bharat and bringing glory to Maa Bharti's children.Growing up in Prayagraj, Ashok ji would sit for hours on the banks of the Sangam. The river naturally interested him, but so did the people who came, such as saints, seers and devotees. It nurtured an understanding of India's cultural ethos and strengthened his intention to do something for society. This desire to live for others drew him to RSS. He embraced every responsibility that came his way with enthusiasm, discipline and a sense of duty.Ashok ji nurtured institutions and movements through persistence and hard work. He was blessed with a formidable voice and an oratory that could hold an entire gathering in its spell. Equally noteworthy was his care for fellow karyakartas. Anyone who came into contact with him could not help but marvel at his remarkable simplicity. He shared a deep bond with Sant Samaj and commanded immense respect among saints and seers across the country. They valued his counsel and listened to him with great regard.My mind goes back to two instances which brought out the legendary persona of Shri Ashok Singhal ji. The first was in 1993, when Vishwa Hindu Parishad organised a convention in US to mark 100 years since Swami Vivekananda's Chicago address. The vision to host such a conference overseas, the planning and the bringing together of diverse stakeholders revealed the organisational genius of Ashok ji.The second instance is from 2000. World Hindu Conference was organised in Port of Spain in Trinidad and Tobago. I could see how his presence ignited so much enthusiasm among other delegates. After my address, his words of appreciation were a very moving experience for me. I saw yet again how his encouragement filled every karyakarta with so much energy.No mention of Shri Ashok Singhal ji is complete without recalling his pivotal role in the Ram Janmabhoomi movement. Who can forget his address at Boat Club Rally in 1991? Or the defining image of an injured and bleeding Ashok ji at the peak of the movement. Today, if there is a grand Ram Mandir in Ayodhya, it is because of stalwarts like him who selflessly immersed themselves in the effort to make it possible. He would have been the happiest person on seeing Ram Mandir take shape in Ayodhya.Shri Ashok Singhal ji was blessed with remarkable clarity of thought and one area wh-ere it was clearly seen was his belief that our society needs to be harmonious, that the message of brotherhood has to be reaffirmed. He worked towards strengthening social unity and equality. He firmly believed that there could be no distinction of any kind in society and that every individual deserved equal dignity and respect. It was his thought that the first brick of the Ram Mandir in Ayodhya would be laid by Shri Kameshwar Choupal Ji, a grassroots VHP karyakarta from Bihar who hailed from the marginalised sections of society. At a dharm sansad in Kashi, he decided that the Dom Raja would be honoured and went on to work with him as part of various community efforts.Beyond nation-building, Ashok ji had two areas that were very close to his heart: education (especially Vedic education) and music. As the MP from Varanasi, I feel very proud that the city I represent, the eternal Kashi, has played its part in Ashok ji's life. He was educated at BHU and was also known to be a good student. He was closely associated with the Ekal Vidyalaya initiative, which worked to extend basic education to remote villages, especially among tribal communities.He was a voracious reader as well as a good listener, and he always told younger karyakartas to read as much as possible.Those who knew Ashok ji closely knew how well he sang. I recall meetings in Nagpur, where he would sing the Ekal Geet, leaving everyone mesmerised and setting the tone for the meeting. A video of him surprising everyone and singing 'Yeh Matru Bhumi Meri, Yeh Pitra Bhumi Meri' during his 90th birthday celebrations in 2015 went viral.On his birth centenary, let us ensure that more youngsters know about his greatness. And let us renew our pledge to realise his dreams for our nation and our people.","Shri Ashok Singhal ji's birth centenary is on September 27. He was an outstanding personality who brought together spiritual pursuit, cultural awakening and decades of dedicated organisational work. Anyone who came into contact with him could not help but marvel at his remarkable simplicity.","https://static.toiimg.com/thumb/msid-134526176,imgsize-87030,width-400,height-225,resizemode-4/a-great-personality-who-was-committed-to-nation-building.jpg"
"SIR tweaks proof of ‘disaster’, says Congress; Akhilesh to skip INDIA bloc meet",https://timesofindia.indiatimes.com/india/akhilesh-to-skip-india-bloc-meet-on-sept-30-sir-tweaks-proof-of-disaster-says-congress/articleshow/134526193.cms,"SIR row escalates: Jairam Ramesh calls EC press note ‘desperate damage control’

Join conversation View All Comments → Share your thoughts in the comments Insightful Agree Disagree Skeptical Concerning Promising Worth Reading Big Development Post Comment Be respectful · TOI community guidelines

NEW DELHI: Congress Sunday continued with its protest against EC, saying the proposed measures related to special intensive revision of electoral rolls were an admission that the exercise had been a ""disaster"". It added the ""piecemeal measures"" for deleted or at-risk voters would do little to mitigate ""mass disenfranchisement"".Congress's statement came amid mobilisation by the opposition to coordinate with INDIA bloc members and non-NDA parties as they prepare to further their protest. While top members of the alliance are expected to attend the INDIA bloc meeting on Sept 30, Congress sources said SP chief Akhilesh Yadav had told the party brass that Rajya Sabha nominations for 10 seats in UP were starting and so he would send senior party members.Congress general secretary KC Venugopal said the party would hold district-level protests against CEC Gyanesh Kumar Monday.Congress spokesperson Jairam Ramesh said the press note issued by EC had been debunked and exposed for what it was - ""a desperate attempt at damage control that hides all and reveals nothing"". What was the point of this SIR process that had turned into a ""colossal waste"" of public resources and nuisance for every citizen, he asked.In another development, CPM general secretary M A Baby met AAP chief Arvind Kejriwal Sunday. ""Kejriwal said there has to be a very powerful struggle exposing the manner in which EC has been working as a tool in the hands of the union,"" Baby said.","Congress says proposed measures related to special intensive revision of electoral rolls were an admission that the exercise had been a ""disaster"" It added the ""piecemeal measures"" for deleted or at-risk voters would do little to mitigate ""mass disenfranchisement"" CPM general secretary M A Baby met AAP chief Arvind Kejriwal Sunday.","https://static.toiimg.com/thumb/msid-134526195,imgsize-326736,width-400,height-225,resizemode-4/congress-leader-jairam-ramesh.jpg"
HM Amit Shah recalls Ashok Singhal's role in Ram temple movement,https://timesofindia.indiatimes.com/india/hm-shah-recalls-ashok-singhals-role-in-ram-temple-movement/articleshow/134526187.cms,"Home minister Amit Shah on Sunday hailed former VHP leader Ashok Singhal as an inspiration, saying his life and dedication remained worthy of emulation.

Join conversation View All Comments → Share your thoughts in the comments Insightful Agree Disagree Skeptical Concerning Promising Worth Reading Big Development Post Comment Be respectful · TOI community guidelines

NEW DELHI: Lauding former VHP leader Ashok Singhal as an inspiration and hero, home minister Amit Shah Sunday said Singhal believed that India could attain a position of glory only by removing the ""stigma of slavery"" and constructing a grand Ram temple in its place in Ayodhya ""The essence of his life, his penance, his simplicity and his dedication and endeavour are qualities worthy of emulation by every young person,"" Shah said at the inaugural ceremony of the centenary year celebrations to mark his birth anniversary. RSS general secretary Dattatreya Hosabole was among the Hindutva figures present at the event.It was only after PM Narendra Modi took office that govt obstacles were removed and a grand Ram temple was built, Shah said. He said the image of Singhal wiping blood from his face during a police lathicharge ordered by the then UP govt against Ram temple activists should remain etched in the memory of the youth for 100 years.""Ashok ji believed that one should remain committed to Hindutva because the welfare of the entire universe is possible only on the basis of the ideals of Hindutva,"" Shah said.Born into a well-off family, Singhal joined RSS and later became the fiery face of the temple movement as a VHP leader. He is credited with expanding the defining Hindutva movement by bringing deprived sections of society, especially sections of Dalits and tribals, under its fold.When a nation and society do not remember their heroes and fail to take their lives and teachings to the youth, an ideological vacuum emerges, Shah said, calling for promotion of Singhal's life story.","Home minister Amit Shah on Sunday hailed former VHP leader Ashok Singhal as an inspiration. He said Singhal believed that India could attain a position of glory only by removing the ""stigma of slavery"" and constructing a grand Ram temple in its place in Ayodhya.","https://static.toiimg.com/thumb/msid-134526186,imgsize-113792,width-400,height-225,resizemode-4/home-minister-amit-shah-recalled-ashok-singhals-contribution-to-the-ram-temple-movement.jpg"
"F-35 fighter jets, 200+ airmen arrive as US participates in India's Tarang Shakti air exercise",https://timesofindia.indiatimes.com/india/f-35-fighter-jets-200-airmen-arrive-as-us-participates-in-indias-tarang-shakti-air-exercise/articleshow/134523566.cms,"Gor said he looked forward to see American firth-generation fighters planes flying alongside the Indian jets (Photo: AP).

Join conversation View All Comments → Share your thoughts in the comments Insightful Agree Disagree Skeptical Concerning Promising Worth Reading Big Development Post Comment Be respectful · TOI community guidelines

Six American F-35 fighter jets, along with more than 200 US airmen touched down in Jodhpur on Saturday to take part in the second edition of multinational air exercise, Tarang Shakti.US Ambassador Sergio Gor announced their arrival in his post on X, informing first ever American participation in the exercise.Gor said he looked forward to see American firth-generation fighters planes flying alongside the Indian jets.The second edition of Tarang Shakti got underway at Air Force Station Jodhpur in Rajasthan on Saturday, with more than 40 countries taking part in the drills.In a post on X, the Indian Air Force extended a welcome to the participating contingents, saying, ""A warm welcome to our friends from across the skies as they touch down at Jodhpur. Welcome to India. Welcome to Tarang Shakti.""Announcing the 2026 edition, the Indian Air Force said, ""Exercise Tarang Shakti 2026 returns as India's premier multinational air exercise, bringing global Air Forces together for high-octane joint tactical manoeuvres. Stay tuned as elite aviators take to the skies!""Earlier, Gor and lieutenant general Vikrant Suresh Deshpande, general officer commanding, 10 Corps, observed a joint firing demonstration by Indian and US Army personnel at the Mahajan Field Firing Range as part of Exercise Yudh Abhyas 2026, showcasing the depth and complexity of bilateral training between the two forces.The demonstration showcased the Pinaka multi-barrel rocket launcher, M777 ultra-light howitzer and Dhanush artillery system, alongside AH-64E Apache attack helicopters, L70 air-defence guns and Swathi weapon-locating radars.For its part, the US Army deployed HIMARS and M-LIDS systems, bringing together a wide range of artillery, aviation, air-defence and surveillance capabilities in a challenging field setting.The first edition of Tarang Shakti was held in 2024, with defence minister Rajnath Singh describing it at the time as a step towards deepening cooperation, coordination and trust among partner nations.","The second edition of Tarang Shakti got underway at Air Force Station Jodhpur in Rajasthan on Saturday. US Ambassador Sergio Gor announced their arrival in his post on X, informing first ever American participation in the exercise. Gor said he looked forward to see American firth-generation fighters planes flying alongside the Indian jets.","https://static.toiimg.com/thumb/msid-134523628,imgsize-39810,width-400,height-225,resizemode-4/f-35-jodhpur.jpg"
"Asian Games 2026: India's full schedule on September 28, timings and events",https://timesofindia.indiatimes.com/sports/asian-games-2026/asian-games-2026-indias-full-schedule-on-september-28-timings-and-events/articleshow/134523294.cms,"Manu Bhaker (PTI Photo)

Join conversation View All Comments → Share your thoughts in the comments Post Comment Be respectful · TOI community guidelines

India's full Asian Games schedule on September 28 (All timings in IST)

3:58 a.m. - Surfing: Men's Shortboard Round 3, Heat 2 - Sivaraj Babu vs Jayuard Alciso (Philippines)

4:45 a.m. - Archery: Compound Men's Individual 1/16 Elimination - Sahil Jadhav vs Jamiyangombo Purevdorj (Mongolia); Ganesh Mani Ratnam Thirumuru vs Sostar Andaru Rinaldi (Indonesia)

5:25 a.m. - Archery: Compound Men's Individual 1/8 Elimination - Sahil Jadhav (subject to qualification), Ganesh Mani Ratnam Thirumuru (subject to qualification)

6:10 a.m. - Shooting: 25m Pistol Women's Individual Qualification & Team Final (Rapid Stage) - Manu Bhaker, Esha Singh, Rahi Sarnobat

6:30 a.m. - Sepak Takraw: Women's Doubles, Group B - India (Prity Langoljam, Menenu Tsukru, Leirentonbi Devi Elangbam) vs Japan

6:46 a.m. - Surfing: Men's Shortboard Round 3, Heat 8 - Kishore Kumar Anbarasu vs Ma Wensong (China)

7:30 a.m. - Sailing: Men's Dinghy Qualification Series - Vishnu Saravanan

7:40 a.m. - Sailing: Women's Dinghy Qualification Series - Nethra Kumanan

8:00 a.m. - Kurash: Women's -78kg Quarterfinal - Pincky Balhara vs To be confirmed

8:30 a.m. - Sailing: Mixed Dinghy Opening Series - Shraddha Verma, Ravindra Kumar Sharma

9:26 a.m. - Surfing: Men's Shortboard Quarterfinals - Sivaraj Babu (subject to qualification), Kishore Kumar Anbarasu (subject to qualification)

9:45 a.m. - Archery: Compound Women's Individual 1/16 Elimination - Jyothi Surekha Vennam vs Adel Zhexenbinova (Kazakhstan); Chikitha Taniparthi vs To be confirmed

10:25 a.m. - Archery: Compound Women's Individual 1/8 Elimination - Jyothi Surekha Vennam (subject to qualification), Chikitha Taniparthi (subject to qualification)

10:30 a.m. - Kurash: Women's -78kg Semifinal - Pincky Balhara (subject to qualification)

10:40 a.m. - Sailing: Girls' Dinghy Opening Series - Mahi Verma

10:45 a.m. - Shooting: 25m Pistol Women's Individual Final - Manu Bhaker (subject to qualification), Esha Singh (subject to qualification), Rahi Sarnobat (subject to qualification)

Not before 11:00 a.m. - Tennis: Women's Doubles, First Round - Ankita Raina/Rutuja Bhosale vs Anna Danilina/Yulia Putintseva (Kazakhstan)

11:30 a.m. - Kurash: Women's -78kg Final - Pincky Balhara (subject to qualification)

12 noon - Squash: Women's Team, Pool C - India vs Japan

1:30 p.m. - Boxing: Women's 75kg Quarterfinal - Lovlina Borgohain vs Suyeon Seong (Republic of Korea)

2:00 p.m. - Squash: Men's Team, Pool A - India vs Republic of Korea

2:35 p.m. - Athletics: Women's Discus Throw Final - Seema, Sanya Yadav

2:45 p.m. - Boxing: Women's 60kg Quarterfinal - Priya Ghanghas vs Mijgona Samadova (Tajikistan)

3:09 p.m. - Athletics: 4x100m Mixed Relay, Round 1, Heat 2 - India

3:30 p.m. - Hockey: Men's Pool A - India vs Bangladesh

3:45 p.m. - Boxing: Men's 90kg Quarterfinal - Kapil Pokhariya vs Gichae Kim (Republic of Korea)

3:53 p.m. - Athletics: Women's 400m Hurdles Final - Vithya Ramraj, Anu Raghavan

4:03 p.m. - Athletics: Men's 400m Hurdles Final - Santhosh Kumar Tamilarasan

4:13 p.m. - Athletics: Men's 3000m Steeplechase Final - Avinash Sable

4:25 p.m. - Athletics: Men's Long Jump Final - David Solomon Patturaj, Murali Sreeshankar

4:35 p.m. - Athletics: Men's 1500m Final - Yoonus Shah, Gulveer Singh

4:45 p.m. - Athletics: Men's Javelin Throw Final - Rohit Yadav, Yash Vir Singh

4:50 p.m. - Athletics: Women's 800m Round 1 - Gowthami Jayaraman (Heat 1), Pooja (Heat 2)

5:13 p.m. - Athletics: Women's 5000m Final - Seema, Parul Chaudhary

6:01 p.m. - Athletics: Men's 4x400m Relay, Round 1, Heat 2 - India

6:30 p.m. - Shooting: Trap Men's Individual Qualification & Team Final, Day 2 - Ahvar Rizvi, Kynan Chenai, Shapath Bharadwaj

6:34 p.m. - Athletics: Women's 4x100m Relay Final - India

India's campaign at the 2026 Asian Games in Aichi-Nagoya, Japan, enters another busy day on Monday, September 28, with athletes from several disciplines in action. The day features a mix of medal events, knockout contests, qualification rounds and team matches, giving the Indian contingent plenty to look forward to.Athletics will be one of the main attractions, with Avinash Sable, Murali Sreeshankar, Parul Chaudhary, Gulveer Singh and Rohit Yadav among those competing in medal events. India's women's 25m pistol team, led by Manu Bhaker, Esha Singh and Rahi Sarnobat, will also be in contention in shooting, while Pincky Balhara could compete for a medal in the women's -78kg kurash event if she progresses through the earlier rounds.There is also plenty of action outside the medal events. India's men's cricket team will take on Afghanistan in the quarterfinal, while the men's hockey team will face Bangladesh in their Pool A match. The squash teams will play multiple matches, and Indian athletes will also be in action in archery, boxing, sailing, surfing, sepak takraw, volleyball and tennis.With several events beginning in the early hours and action continuing into the evening, Monday promises a packed schedule for Indian fans.Volleyball: Men's Pool C - India vs Hong Kong, ChinaSquash: Women's Team, Pool C - India vs ChinaTennis: Men's Singles, Second Round - Sumit Nagal vs Seongchan Hong (Republic of Korea)Sailing: Men's Skiff Opening Series - Prince Kurisinkal Noble, Manu FrancisSailing: Women's Skiff Opening Series - Harshita Tomar, Shital VermaSquash: Men's Team, Pool A - India vs ChinaSepak Takraw: Women's Doubles Semifinal - India (subject to qualification)Shooting: Trap Women's Individual Qualification & Team Final, Day 2 - Maneesha Keer, Aashima Ahlawat, Neeru","India's full Asian Games schedule on September 28 (All timings in IST) Archery: Compound Men's Individual 1/16 Elimination - Sahil Jadhav vs Jamiyangombo Purevdorj (Mongolia) Sailing: Mixed Dinghy Opening Series - Shraddha Verma, Ravindra Kumar Sharma.","https://static.toiimg.com/thumb/msid-134523459,imgsize-33710,width-400,height-225,resizemode-4/manu-bhaker-2709-s.jpg"
Esha Singh wins individual silver in women’s 25m pistol at Asian Games 2026 after missing team event medal,https://timesofindia.indiatimes.com/sports/asian-games-2026/esha-singh-wins-individual-silver-in-womens-25m-pistol-at-asian-games-2026-after-missing-team-event-medal/articleshow/134532848.cms,Esha Singh wins individual silver in women’s 25m pistol at Asian Games 2026 after missing team event medal,Esha Singh wins individual silver in women’s 25m pistol at Asian Games 2026 after missing team event medal. Esha Singh will compete in the women's pistol event at the Asian Games in 2026. She will compete for India in the Games for the first time in the event.,"https://static.toiimg.com/thumb/msid-134533002,imgsize-68654,width-400,height-225,resizemode-4/esha-singh-1.jpg"
“I’m not the same person without both of them”: How Donna Kelce shaped Travis Kelce’s view of women through her work and family life as both a provider and parent,https://timesofindia.indiatimes.com/sports/nfl/news/im-not-the-same-person-without-both-of-them-how-donna-kelce-shaped-travis-kelces-view-of-women-through-her-work-and-family-life-as-both-a-provider-and-parent/articleshow/134529694.cms,“I’m not the same person without both of them”: How Donna Kelce shaped Travis Kelce’s view of women through her work and family life as both a provider and parent,Donna Kelce shaped Travis Kelce’s view of women through her work and family life as both a provider and parent. “I’m not the same person without both of them”: Travis Kelcie.,"https://static.toiimg.com/thumb/msid-134529797,imgsize-48896,width-400,height-225,resizemode-4/travis-kelce.jpg"
“It’s hard to even fathom”: Jason Kelce opens up on Travis Kelce’s record breaking start to the new season amid criticism,https://timesofindia.indiatimes.com/sports/nfl/news/its-hard-to-even-fathom-jason-kelce-opens-up-on-travis-kelces-record-breaking-start-to-the-new-season-amid-criticism/articleshow/134522814.cms,"Jason Kelce opens up.(Image via Getty Images)

Jason Kelce opens up about Travis Kelce’s achievements amid his record breaking performance in the new season

Join conversation View All Comments → Share your thoughts in the comments Post Comment Be respectful · TOI community guidelines

Jason Kelce has remained Travis Kelce’s strongest support system as the tight end navigates through constant spotlight",Jason Kelce has remained Travis Kelce’s strongest support system as the tight end navigates through constant spotlight. Kelce opens up about his achievements amid his record breaking performance in the new season. The tight end also discusses his relationship with Kelce.,"https://static.toiimg.com/thumb/msid-134522925,imgsize-949576,width-400,height-225,resizemode-4/travis-kelce.jpg"
“How can you keep that hunger?”: Patrick Mahomes opens up on Kansas City Chiefs’ impressive start as quarterback eyes Super Bowl ahead of Week 3 clash,https://timesofindia.indiatimes.com/sports/nfl/news/how-can-you-keep-that-hunger-patrick-mahomes-opens-up-on-kansas-city-chiefs-impressive-start-as-quarterback-eyes-super-bowl-ahead-of-week-3-clash/articleshow/134516111.cms,"Patrick Mahomes opens up.(Image via Getty Images)

Patrick Mahomes weighs in on the Kansas City Chiefs’ performance after two consecutive wins in the last weeks

Patrick Mahomes eyes a Super Bowl amid his impressive comeback along with Travis Kelce

Join conversation View All Comments → Share your thoughts in the comments Post Comment Be respectful · TOI community guidelines",Patrick Mahomes eyes a Super Bowl amid his impressive comeback along with Travis Kelce. The Kansas City Chiefs have won two consecutive wins in the last weeks. Mahomes has been named to the NFL’s top 10 list for the first time this season.,"https://static.toiimg.com/thumb/msid-134516121,imgsize-472198,width-400,height-225,resizemode-4/patrick-mahomes.jpg"
"After arriving in the US with $500, former tennis player Andres Bernal began investing in Connecticut real estate in 2016; a decade later, he says he owns more than 60 rental units worth over $12 mill",https://timesofindia.indiatimes.com/world/us/after-arriving-in-the-us-with-500-former-tennis-player-andres-bernal-began-investing-in-connecticut-real-estate-in-2016-a-decade-later-he-says-he-owns-more-than-60-rental-units-worth-over-12-million/articleshow/134525777.cms,"Bernal's approach has also evolved with the performance of individual properties. He and his partners have sold some older Connecticut properties where substantial equity was tied up but cash flow no longer justified holding them.

From tennis courts to property seals

A portfolio built around different tenants

Building the business behind the properties

Knowing when to hold and when to sell

When Andres Bernal arrived in the United States with $500, his immediate goal was not to build a real estate empire. The Dominican-born former professional tennis player had come to pursue the sport he had played since childhood. But after years of teaching tennis and working long hours, he began looking for a different route to financial independence.Real estate, a concept he had first encountered through his family in the Dominican Republic, eventually became that route. His first investment came in 2016. Nearly a decade later, Bernal says his Connecticut portfolio has grown to more than 60 rental units valued at over $12 million, states a podcast interview published by Harbordise Partners.Bernal's introduction to real estate began long before his first investment. His godfather was a builder in the Dominican Republic, and Bernal had watched him acquire and develop property while growing up.After playing professional tennis for nearly two years in the US, Bernal began teaching the sport, sometimes working 50 to 60 hours a week. Looking for a way to build income beyond trading time for money, he started studying stocks, businesses and real estate, states the interview.He eventually focused on property investing, learning the fundamentals before making his first investment in 2016.The strategy has since expanded beyond long-term rentals. Bernal completed more than 50 property flips during 2024 and 2025, building a business around acquisitions, renovations and sales while continuing to grow his rental portfolio.According to the video interview, his Connecticut holdings include multifamily properties, duplexes, single-family homes and student rentals. Some properties operate through the federal Section 8 housing program, while others serve traditional tenants. Student housing has become an important part of the portfolio. Bernal owns properties near three Connecticut universities and typically rents homes to groups of students whose parents or family members co-sign their leases. Keeping properties within walking distance of campuses is another central part of the strategy, reducing the need for parking and transportation.His Section 8 properties provide another source of rental income, although they come with additional inspections and administrative requirements. Bernal says he has about 22 units connected to the program.Managing dozens of properties and completing frequent flips requires more than finding deals. Bernal has built a network of contractors and property-management support to keep the operation moving. His flipping operation includes about a dozen contractors handling work such as carpentry, painting and basic plumbing and electrical tasks. A smaller part-time team manages the rental portfolio. That structure allows the same network of workers to move between renovation projects and maintenance needs, reducing the need to constantly find new contractors.Bernal's approach has also evolved with the performance of individual properties. He and his partners have sold some older Connecticut properties where substantial equity was tied up but cash flow no longer justified holding them. His renovation philosophy follows a similar hierarchy. Safety, structural problems and major mechanical issues come first, followed by improvements that can increase rental value and appeal. Cosmetic upgrades come later when the numbers support them.For Bernal, the bigger lesson from a decade in real estate has been discipline. Deals need to be conservatively underwritten, renovation budgets need room for surprises, and projected resale values cannot be treated as guarantees.What began with $500 and a career on the tennis court has evolved into a Connecticut real estate business spanning rentals, student housing, affordable housing and property flips.Images Courtesy: Facebook and istock","Andres Bernal arrived in the United States with $500 and a career on the tennis court. The Dominican-born former professional tennis player had come to pursue the sport he had played since childhood. After years of teaching tennis and working long hours, he began looking for a different route to financial independence. His first investment came in 2016 and his Connecticut portfolio has grown to more than 60 rental units valued at over $12 million.","https://static.toiimg.com/thumb/msid-134525786,imgsize-626136,width-400,height-225,resizemode-4/bernals-approach-has-also-evolved-with-the-performance-of-individual-properties-he-and-his-partners-have-sold-some-older-connecticut-properties-where-substantial-equity-was-tied-up-but-cash-flow-no-longer-justified-holding-them.jpg"
“An F”: Caitlin Clark accepts failure as Indiana Fever crushed by Aces in A'ja Wilson's 38-point showdown,https://timesofindia.indiatimes.com/sports/international-sports/an-f-caitlin-clark-accepts-failure-as-indiana-fever-crushed-by-aces-in-aja-wilsons-38-point-showdown/articleshow/134529358.cms,"Caitlin Clark reacts to Fever's loss against Aces. Image via: Getty Images

Why Caitlin Clark gave the Fever defense an F in Game 1

Raven Johnson gives Caitlin Clark and the Fever one bright spot

Join conversation View All Comments → Share your thoughts in the comments Post Comment Be respectful · TOI community guidelines

Caitlin Clark kept her postgame review short. Asked to grade the Indiana Fever defense, she said, ""An F."" Few could argue.The Las Vegas Aces took the first-round opener 102-85 on Sunday, and A'ja Wilson did most of the damage with 38 points and 16 rebounds. Indiana now has one game left to keep its season alive, and the defense needs a lot of work before then.Caitlin Clark's grade came after the Fever allowed 102 points on Sunday, and the numbers back it up. Las Vegas shot 59 percent overall and 47 percent from three. It was one of those nights when nearly every possession ended in a clean look.Wilson was the center of it all. The reigning WNBA MVP hit 15 of 19 shots and tied a playoff career high with 38 points. She also pulled down 16 rebounds, blocked four shots, stole the ball twice, handed out two assists and knocked down two threes. Indiana had no real answer for her.The Fever guard had a rough night at the other end too. Clark scored 15 points on 6-of-17 shooting, though she did add 10 assists for a double-double. Kelsey Mitchell struggled even more, hitting 4 of 16 for 12 points. Aliyah Boston led Indiana with 18, and Sophie Cunningham chipped in 13 off the bench.It was not enough to keep pace with an Aces offense that barely missed.Indiana lost backup guard Tyasha Harris to a season-ending leg injury in the last regular-season game. Coach Stephanie White had said before the playoffs that rookie Raven Johnson could help fill the gap. She did.Johnson played 22 minutes off the bench in the postseason debut and scored 14 points on 6-of-7 shooting. She added two steals, an assist and a three-pointer. The two-time NCAA champion at South Carolina looked comfortable on a night when few teammates did. White said Johnson ""did great"" and gave the team the lift it needed on both ends.Clark, the newly crowned AP Comeback Player of the Year, was just as impressed with the 5-foot-8 rookie. She liked the offense, but she singled out the defensive intensity as exactly what Indiana needs from here on. In her view, Johnson puts in the work and can be counted on.Now the margin is gone. Game 2 is Tuesday at Gainbridge Fieldhouse, with tipoff set for 6:30 p.m. ET. A second loss ends the Fever's season. Clark and her teammates will need far more resistance against Wilson and an Aces attack that hit almost everything in Game 1.","Caitlin Clark gave the Indiana Fever defense an F in Game 1. A'ja Wilson did most of the damage with 38 points and 16 rebounds. Game 2 is Tuesday at Gainbridge Fieldhouse, with tipoff set for 6:30 p.m. ET.","https://static.toiimg.com/thumb/msid-134529378,imgsize-568823,width-400,height-225,resizemode-4/caitlin-clark-reacts-to-fevers-loss-against-aces.jpg"
“I’m working hard to build something for my kids”: Stephen Curry’s wife Ayesha Curry opens up on her career and motherhood,https://timesofindia.indiatimes.com/sports/nba/top-stories/im-working-hard-to-build-something-for-my-kids-stephen-currys-wife-ayesha-curry-opens-up-on-her-career-and-motherhood/articleshow/134529328.cms,"Ayesha Curry's brand.(Image via Getty Images)

Stephen Curry’s wife Ayesha Curry explains how difficult it has been to manage her work along with being there for their four children

Stephen Curry's wife Ayesha Curry remained committed to the idea of starting something of her own amid his stellar career

Join conversation View All Comments → Share your thoughts in the comments Post Comment Be respectful · TOI community guidelines

Stephen Curry, the Golden State Warriors’ star player, is busy gearing up for the new season after signing a $116 million extension with the team. While Stephen Curry is a multi millionaire and is a popular athlete, his wife, Ayesha Curry , has carved out her new career. Weeks ahead of the new season, Ayesha Curry has opened up about managing her businesses.In an interview with Pure Wow, Stephen Curry’s wife Ayesha Curry reflects on managing motherhood and her work as she said, “I often tell people that you don’t know how much you can get done in a day until you have kids. Not only has being a parent made me push myself in terms of productivity, but also in that I’m now accountable to more than myself.”Stephen Curry’s wife, the popular entrepreneur, actress and chef, Ayesha Curry added, “I am working hard to build something for my kids and to be someone who they can be proud of, which influences every decision I make professionally.”Stephen Curry’s wife Ayesha Curry also reflected on how she has been able to work from home to help reduce her work load as she added, “While I’m required to travel often for work, which forces me to be away from the kids, I am fortunate to have the ability to primarily run my team and website out of my home.”She continued, “So I’m still able to be with my son throughout the day and can be there to hug the girls when they get home from school and do all the other mommy duties I love.There can be some chaotic moments, and occasionally there will be a 7-year-old quietly coloring in the corner of a staff meeting, but it works for us.”While the four time NBA champion Stephen Curry has been a popular athlete for close to two decades now, his wife Ayesha Curry also had a passion for starting something of her own.After a pretty successful career in movies and being a chef, Stephen Curry’s wife Ayesha Curry launched her popular skincare brand, Sweet July, in 2023 and has been pretty busy with it ever since.While Ayesha Curry was pretty nervous before starting her own venture, Sweet July has been highly successful as it remains inspired by her Jamaican heritage.Stephen Curry and Ayesha Curry have also extended the concept to cafes in Charlotte as the skincare brand has now become a household name across the nation.","Stephen Curry’s wife Ayesha Curry explains how difficult it has been to manage her work along with being there for their four children. Curry, the Golden State Warriors’ star player, is busy gearing up for the new season after signing a $116 million extension.","https://static.toiimg.com/thumb/msid-134529336,imgsize-1081191,width-400,height-225,resizemode-4/stephen-curry.jpg"
"At 19, Pincky Balhara lost three family members ahead of Asian Games debut; Now, she is only Indian to win multiple Kurash medals",https://timesofindia.indiatimes.com/sports/asian-games-2026/at-19-pincky-balhara-lost-three-family-members-ahead-of-asian-games-debut-now-she-is-only-indian-to-win-multiple-kurash-medals/articleshow/134534050.cms,"Bronze medalists Pincky Balhara of India (AP Photo)

What is Kurash?

From judo mats to Kurash

Three deaths changed everything

Join conversation View All Comments → Share your thoughts in the comments Post Comment Be respectful · TOI community guidelines

Pincky Balhara's Asian Games record

Year Games Category Result 2018 Jakarta Women's -52kg 🥈 Silver 2022 Hangzhou Women's Kurash Quarterfinal 2026 Aichi-Nagoya Women's -78kg 🥉 Bronze

Three family deaths in quick succession could have brought Pincky Balhara’s sporting journey to a halt. Instead, the Delhi athlete carried her grief into the competition arena, turned her father’s dream into motivation and went on to win an Asian Games medal.Eight years after her historic silver at the 2018 Jakarta Asian Games, Balhara returned to the continental podium on Monday, winning bronze in the women’s -78kg Kurash event at the 2026 Aichi-Nagoya Games. The bronze is Balhara’s second Asian Games medal in Kurash, following her silver in the women’s -52kg category in Jakarta. She has now become the only Indian athlete to win multiple Asian Games medals in Kurash.Kurash is a traditional Central Asian martial art that originated in the region and is particularly associated with Uzbekistan. It made its Asian Games debut at the 2018 Jakarta Games. The basic objective is simple: throw the opponent onto their back while remaining in a standing position. Unlike judo or Brazilian jiu-jitsu, Kurash does not involve prolonged ground fighting.Born on October 20, 1998, in Neb Sarai, Delhi, Balhara began training in judo when she was nine. Her maternal uncle, Samundar Tokas, a former judoka and coach, played a major role in her early development.She quickly established herself in judo, winning gold at the 2018 Asian Junior Judo Championships. But she missed out on India's judo squad for the 2018 Jakarta Asian Games. That disappointment opened another door.With Kurash making its Asian Games debut in Jakarta, Balhara entered the trials. The sport, which shares similarities with judo but is contested entirely from a standing position, offered her another route to the continental stage. She made the team and was soon heading to Jakarta.But just weeks before the Games, Balhara's life was shattered. She lost her cousin brother first, followed by her father, who died of a heart attack, and then her grandfather. The three deaths came in quick succession, leaving the teenager struggling to cope with the loss.Her father had been particularly excited about her selection for the Asian Games. After his death, Balhara initially did not want to compete. Her uncle, however, pushed her to continue, reminding her of her father's hopes for her career.She returned to training while dealing with grief and also had to make the weight for her 52kg category. She later recalled going to the gym at night because she feared people would judge her for returning to training so soon after her father's death.Balhara eventually made it to the 2018 Asian Games and produced a remarkable run. At just 19, she reached the women's -52kg Kurash final, becoming one of India's first Asian Games medallists in the sport. She eventually lost to Uzbekistan's Gulnor Sulaymanova and settled for silver.Balhara later recalled her father's prediction before the Games: that she would win silver rather than gold. When she finished second, she remembered his words. At Aichi-Nagoya, Balhara began her campaign with a 3-0 quarterfinal victory over South Korea's Garam Lim, securing her place in the semifinals and guaranteeing India another Kurash medal.She then faced South Korea's Sumin Mo in the last four. Mo won 5-0, sending Balhara into the bronze-medal position.Eight years after her first Asian Games medal, Balhara was back on the podium.","Pincky Balhara won bronze in the women’s -78kg Kurash event at the 2026 Aichi- Nagoya Games. It is her second Asian Games medal in Kurash, following her silver at the 2018 Jakarta Asian Games. She has now become the only Indian athlete to win multiple Asian Games medals in the martial art.","https://static.toiimg.com/thumb/msid-134536886,imgsize-84074,width-400,height-225,resizemode-4/asian-games-kurash.jpg"
"NBA veteran Lamar Odom takes dig at ESPN NBA rankings, reveals why Jalen Brunson should be No 1 or 2 over Nikola Jokic",https://timesofindia.indiatimes.com/sports/nba/top-stories/nba-veteran-lamar-odom-takes-dig-at-espn-nba-rankings-reveals-why-jalen-brunson-should-be-no-1-or-2-over-nikola-jokic/articleshow/134537171.cms,"NBA veteran Lamar Odom takes dig at ESPN NBA rankings, reveals why Jalen Brunson should be No 1 or 2 over Nikola Jokic","NBA veteran Lamar Odom takes dig at ESPN NBA rankings, reveals why Jalen Brunson should be No 1 or 2 over Nikola Jokic. Odom: ""I don't think it's fair"" to rank NBA players based on their draft status.","https://static.toiimg.com/thumb/msid-134537184,imgsize-154520,width-400,height-225,resizemode-4/lamar-odom.jpg"
"Captions for Instagram posts: 300+ cool, funny and aesthetic Instagram caption ideas for every post",https://timesofindia.indiatimes.com/technology/social/captions-for-instagram-posts-300-cool-funny-and-aesthetic-instagram-caption-ideas-for-every-post/articleshow/130895681.cms,"Best Instagram caption ideas for every post



Good vibes Instagram captions



Living my best life

Chasing dreams daily

Made for more

Stay true, stay you

Good vibes, good life

Creating my own story

Happiness in progress

Just keep growing

Own your journey

Life looks better now

Rising every day

Keep it real

Progress over perfection

Glow different

Born to shine

Cool Instagram captions



Cool mind, calm life

Ice in my veins

Smooth and steady

Chill but sharp

Too cool to stress

Effortless energy

Calm wins always

Living in silence

No pressure vibes

Stay smooth

Cool never tries

Just flowing

Relaxed state

Quiet confidence

Always composed

Funny Instagram captions



I need a nap… permanently

I’m not lazy, just in energy-saving mode

Reality called, I hung up

I put the “pro” in procrastinate

My hobbies include eating

Too tired to be tired

Running late is my cardio

I’m not weird, I’m limited edition

Brain loading… please wait

I woke up like this… confused

I speak fluent sarcasm

My mood depends on snacks

Adulting is hard

I came, I saw, I forgot why I came

I’m on vacation mode… always

Instagram captions for girls



She’s a whole vibe

Girl with dreams

Pretty and powerful

Slaying softly

Glow like a queen

Made of magic

Strong and stunning

Beauty with purpose

Fearless femininity

Soft heart, strong mind

Queen energy

Born to shine

Grace in motion

Unapologetically me

She believed she could

Instagram captions for boys



Built for greatness

Hustle mode on

Stay focused

Born to lead

No excuses

Calm and strong

Work in silence

Respect earned

Grind never stops

Silent moves

Real over fake

Stay humble

Men of action

Strong mindset

Leveling up

Short Instagram captions



Stay real

Just vibes

No limits

Keep going

Be you

Stay gold

Pure mood

Own it

Less talk

Good life

Feel free

Dream on

Chill mode

Stay wild

Born free

Cute Instagram captions



Sweet little moments

Smiles all around

Cutie energy

Just a soft heart

Sunshine mixed with sugar

Cuteness overload

Love in small things

Happy little soul

Pure joy vibes

Made of sparkles

Tiny moments, big smiles

Stay adorable

Soft and sweet

Sprinkle of happiness

Born to be cute

Baddie Instagram captions



I don’t chase, I attract

Too rare to care

Confidence level: unbothered

Slaying without trying

I am the vibe

Know your worth

Built different

No competition here

Queen energy only

I set my own rules

Watch me win

Beauty with brains

Fearless and flawless

I’m not lucky, I’m good

Main character energy

Solo captions for Instagram



Alone but thriving

My own vibe

Solo but strong

Peace in solitude

Me, myself, and I

Growing in silence

Self love era

Independent soul

Finding myself

Strong alone

Calm and complete

Walking my path

No company needed

Happy solo life

Own company wins

Love captions for Instagram



You complete me

Forever starts here

My heart is yours

Love feels right

Us against the world

You are my home

Together always

Found my forever

Heart full of you

Endless love

You + me = magic

In love deeply

My favourite person

Love never fades

Just us

Travel Instagram captions



Wander often

Catch flights

Lost in travel

Journey over destination

Explore more

Passport full of dreams

New places, new me

Travel far

Adventure awaits

Born to roam

Collect memories

Road to everywhere

Ocean and wanderlust

Go see the world

Travel light

Instagram captions for friends



Real ones only

Friends forever

Chaos squad

Better together

My people

Memories made here

Friendship goals

Squad strong

Always laughing

Crazy but loyal

Partners in crime

Life with friends

Forever vibe

Good times only

My second family

Aesthetic Instagram captions



Soft moments

Golden light

Calm aesthetics

Dreamy vibes

Silent beauty

Vintage soul

Minimal magic

Poetry in motion

Soft glow life

Timeless mood

Light and shadow

Pure aesthetic

Visual peace

Gentle chaos

Mood board life

Selfie captions for Instagram



Just me

Self love first

Feeling myself

No filter needed

Confidence looks good

Face of the day

Selfie mode on

Own your glow

Simple and real

Mirror vibes

Me time

Just because

Real me

Loving this moment

Smiling inside out

Positive Instagram captions



Good energy only

Choose happiness

Stay grateful

Better days ahead

Positive mind always

Shine bright

Smile more

Keep rising

Good things coming

Light attracts light

Stay hopeful

Spread kindness

Focus on good

Joy in progress

Keep glowing

Mood captions for Instagram



Mood: unbothered

Mixed emotions

Just vibing

Feeling everything

Low-key mood

Lost in thoughts

Chill chaos

Silent mood

Energy shifting

Don’t ask

Emotionally offline

Just existing

Deep thoughts

Undefined mood

Vibe unknown

Dog captions for Instagram



My happy place

Paws and love

Fur baby life

Loyal forever

Life with dogs

Wag more

Puppy love

Best friend goals

Tail wags daily

Home is paws

Pure joy

Dog life best life

Unconditional love

Bark and chill

My heart has paws

Food captions for Instagram



Food is happiness

Good food mood

Eating my way

Taste the joy

Food first

Yum moments

Just one more bite

Feast mode

Delicious life

Snack time always

Calories don’t count

Food lover forever

Made to eat

Tasty vibes

Eat happy

Music captions for Instagram



Lost in music

Feel the beat

My escape

Music heals

Turn it up

Living in rhythm

Playlist life

Sound of soul

Beats and peace

Music is life

Vibing hard

Notes over words

Melody mood

Let it play

Soundtrack of me

Gym captions for Instagram



No excuses

Train hard

Stronger daily

Sweat and smile

Push limits

Earn it

Beast mode

Pain = progress

Lift heavy

Fitness first

Work for it

Discipline wins

Stay strong

One more rep

Built not bought

Summer Instagram captions



Summer vibes only

Sun and fun

Golden days

Beach life

Hot and happy

Sunshine mood

Endless summer

Tan lines fade

Ocean breeze

Summer love

Warm memories

Bright days ahead

Sea you soon

Vitamin sea

Stay golden

Birthday captions for Instagram



It’s my day

Leveling up

Born to shine

Another year better

Cake and smiles

Grateful for life

Cheers to me

Birthday vibes

Aging like wine

New chapter begins

Glow up year

Celebrate me

Living my day

Feeling blessed

Made it another year

Are you also looking for some cool yet classy Instagram captions? These captions might look like small lines of text, but they often decide whether a post gets ignored or truly noticed. Whether it’s a travel snapshot, a selfie, a food photo, or a candid memory, the right words can completely change how your post is perceived.The picture caption describes the mood of the picture, hidden emotions, and sometimes even the story that describes the hidden meaning. Check out some cool Instagram captions for your posts. From bold and funny to aesthetic and emotional, these captions help you express personality, boost engagement, and make every post stand out across social media platforms today with ease online.","summarize: Best Instagram caption ideas for every post. Instagram captions: Living my best life, chasing dreams daily, creating my own story. Instagram photos: Pictures of people, places and things. Instagram videos: Pictures, videos, music, music videos.","https://static.toiimg.com/thumb/msid-130896651,imgsize-46322,width-400,height-225,resizemode-4/captions-for-instagram-posts.jpg"
"'Chilli powder in eyes': Fashion design graduate, sister ram scooter into Delhi delivery boy, rob him",https://timesofindia.indiatimes.com/city/delhi/fashion-designing-graduate-sister-held-for-robbing-delivery-boy-in-rohini/articleshow/134524161.cms,"A fashion design graduate and her Class 12 dropout sister were arrested for robbing a delivery boy in Rohini. (Photo credit: X)





NEW DELHI: A fashion design graduate and her Class 12 dropout sister were arrested for allegedly robbing a delivery boy in Rohini , police said.One of them posed as a customer and tried to snatch parcels from his delivery bag, while the other allegedly arrived on a scooty and struck him from behind.DCP (Rohini) Shashank Jaiswal said the incident took place around 7.20pm on Sept 25 near Hanuman mandir in Sector 5. One of the women allegedly approached the delivery boy posing as a customer and attempted to forcibly take parcels from his bag.When he resisted, she allegedly threw chilli powder into his eyes. Meanwhile, the second woman arrived on a scooty and allegedly struck him from behind, causing him to fall and sustain a leg injury. The two then fled with several parcels.“This is so far their first target. We are looking into whether they may have been involved in similar incidents earlier,” Jaiswal said.A case under sections 309(6) (voluntarily causing hurt while committing robbery) and 3(5) (acts done by several persons in furtherance of common intention) of BNS was registered at Budh Vihar police station.Following the incident, a team was formed to investigate the case.Police said technical surveillance and human intelligence helped identify the accused as Nancy Singh, 26, and Gracy Singh , 20, both residents of Karol Bagh. Police arrested the sisters within 15 hours of registering the case.Three robbed parcels, along with the mobile phone and scooty allegedly used in the offence, were recovered from their possession, police said. During interrogation, the accused allegedly disclosed their involvement in the case.Police said Nancy had completed a fashion design course but was unemployed, while Gracy was a Class 12 dropout. Further investigation is underway.",A fashion design graduate and her Class 12 dropout sister were arrested for allegedly robbing a delivery boy in Rohini. One of them posed as a customer and tried to snatch parcels from his delivery bag. The other allegedly arrived on a scooty and struck him from behind.,"https://static.toiimg.com/thumb/msid-134530850,imgsize-176309,width-400,height-225,resizemode-75/a-fashion-design-graduate-and-her-class-12-dropout-sister-were-arrested-for-robbing-a-delivery-boy-in-rohini-photo-credit-x.jpg"
"Trapped hand, speeding SUV and desperate climb: How cops stopped gutka-laden vehicle",https://timesofindia.indiatimes.com/city/coimbatore/cop-foils-smugglers-attempt-to-escape-by-clinging-on-to-their-suv-for-nearly-40km/articleshow/134525432.cms,"Head constable, M Velmurugan, claimed that the chase started at Vilankurichi and he clung on to the SUV till Karumathampatti, which is about 40km away.

,





COIMBATORE: A police head constable foiled an attempt by three smugglers to escape in a gutka-laden sports utility vehicle, by clinging to the top of the vehicle on Avinashi Road till a highway patrol team intercepted the gang at Karumathampatti near here on Sunday morning.Head constable, M Velmurugan, claimed that the chase started at Vilankurichi and he clung on to the SUV till Karumathampatti, which is about 40km away. The three smugglers have been arrested.Acting on a tip-off, a police team led by Kovilpalayam sub-inspector Vignesh and head constable Velmurugan attempted to stop the SUV (KA 05 NG 7692) at Vilankurchi near Kovilapalayam around 5.45am.Velmurugan climbed atop the SUV when the driver slowed the vehicle but refused to halt and sped towards Avinashi. The constable clung atop the SUV by holding the roof rails of the vehicle despite the smugglers driving the vehicle athigh speed.Vignesh immediately informed the Karumathampatti police and highway patrol team on Avinashi Road, who chased the vehicle for nearly an hour and eventually intercepted it at Karumathampatti and saved Velmurugan without any injuries.Police found more than 100kg of gutka products in the car and identified three smugglers travelling in the car as P Babu Dhara, 27, A Rajesh, 23 and S Suresh, 20, all from Rajasthan.They were smuggling the contraband from Karnataka to Coimbatore. Police seized the contraband and the car.Meanwhile, prohibition and excise minister K Vignesh and minister for backward classes welfare RS Rajakannappan spoke to Velmurugan over a video call and congratulated him for his bravery.They said they would take Velmurugan’s daring act to the attention of chief minister C Joseph Vijay.Later, Velmurugan told TOI“When we approached the vehicle, the driver stopped and rolled down the window. While we were questioning the occupants, he started moving the car and closed the window, trapping the SI’s hand inside. Our SI ran for a few metres with his hand trapped inside. Luckily, the SI fell on the road without any injuries, but I climbed atop the SUV. I realised the suspects should not be allowed to escape, so I held on to the rails tightly till they were captured. As police personnel, we were just doing our duty.”","Head constable, M Velmurugan, claimed that the chase started at Vilankurichi and he clung on to the SUV till Karumathampatti, which is about 40km away. The three smugglers have been arrested. Police seized the contraband and the car.","https://static.toiimg.com/thumb/msid-134530556,imgsize-93417,width-400,height-225,resizemode-75/head-constable-m-velmurugan-claimed-that-the-chase-started-at-vilankurichi-and-he-clung-on-to-the-suv-till-karumathampatti-which-is-about-40km-away.jpg"
"2 killed as speeding Range Rover hits stray bull, rams divider on Bharatmala Highway in Gujarat",https://timesofindia.indiatimes.com/city/ahmedabad/2-killed-as-speeding-range-rover-hits-stray-bull-rams-divider-on-bharatmala-highway-in-gujarat/articleshow/134534455.cms,"Two young men lost their lives in a tragic accident on the Bharatmala Highway.





PALANPUR: Two young men were killed and another seriously injured after their Range Rover travelling from Rajkot towards Rajasthan, met with a fatal accident on the Bharatmala Highway near Tharad early on September 27.The accident took place near Malpur on the Tharad-Deesa Highway when a stray bull suddenly came onto the road. The Range Rover struck the animal and then rammed into the highway divider. The collision was so intense that debris from the vehicle and body remains were strewn across the road.The SUV was registered in Rajkot.Locals who reached the spot alerted the 108 emergency ambulance service. Two of the three occupants died at the spot, while the injured man was initially taken for treatment and later shifted to Ahmedabad.One of the deceased was from Amreli and the other from Rajkot. Their bodies were taken to Tharad Civil Hospital for post-mortem.","Accident took place near Malpur on the Tharad-Deesa Highway. The Range Rover struck the animal and then rammed into the highway divider. Two of the three occupants died at the spot, while the injured man was initially taken for treatment and later shifted to Ahmedabad.","https://static.toiimg.com/thumb/msid-134534590,imgsize-212467,width-400,height-225,resizemode-75/two-young-men-lost-their-lives-in-a-tragic-accident-on-the-bharatmala-highway.jpg"
Hardik Pandya set to miss India A fixtures; racing against time for New Zealand tour | Exclusive,https://timesofindia.indiatimes.com/sports/cricket/news/hardik-pandya-set-to-miss-india-a-fixtures-racing-against-time-for-new-zealand-tour-exclusive/articleshow/134489676.cms,"Hardik Pandya during the ICC Men's T20 World Cup 2026 match between India and USA at Wankhede Stadium on February 07, 2026 in Mumbai, India. (Photo/Getty Images)

Join conversation View All Comments → Share your thoughts in the comments Post Comment Be respectful · TOI community guidelines

NEW DELHI: Hardik Pandya 's return to competitive cricket has been delayed again as the all-rounder is set to miss the three India A fixtures against Australia A in Puducherry starting October 6. The all-rounder experienced pain in his right shin again earlier this week and underwent a fresh set of scans. The BCCI medical team monitoring him has advised further rest.The 32-year-old was inching closer to a return to cricket but the recurring shin issue has derailed all the progress he made at the BCCI Centre of Excellence in the last few months.It was the same issue that ruled him out of selection for the Afghanistan T20Is. It is understood that he was also being considered for a late entry into the Asian Games but the unfortunate turn of events occurred close to selection day - first before the Afghanistan ODIs and then later for the T20Is against the same opposition.With no physical activity for the next 10-15 days, it remains highly doubtful that Pandya will be available for the T20Is against New Zealand next month as well. The selectors would also operate with caution when considering him directly for the ODIs which follow the five T20Is. The team management's frustrating wait for their premier all-rounder continues, but they understand that a rushed approach will not be followed as the 2027 World Cup remains the ultimate goal.There is no official word from the Indian cricket board yet. However, Suryansh Shedge is currently taining at the BCCI CoE and could well be drafted as Hardik 's replacement for three India A games.",Hardik Pandya is set to miss the three India A fixtures against Australia A in Puducherry starting October 6. The all-rounder experienced pain in his right shin again earlier this week and underwent a fresh set of scans. The 32-year-old was inching closer to a return to cricket but the recurring shin issue has derailed all the progress he made at the BCCI Centre of Excellence in the last few months.,"https://static.toiimg.com/thumb/msid-134489699,imgsize-97070,width-400,height-225,resizemode-4/hardik-pandya.jpg"
"Chess Olympiad Round 9: D Gukesh channels his world champion self, overturns almost-lost game to keep India in gold hunt",https://timesofindia.indiatimes.com/sports/chess/chess-olympiad-round-9-d-gukesh-channels-his-world-champion-self-overturns-almost-lost-game-to-keep-india-in-gold-hunt/articleshow/134489331.cms,"Dommaraju Gukesh of India (Photo by Rafal Oleksiewicz for FIDE)

How Gukesh turned the tables on Donchenko

Vantika, Divya lead India's women to victory

Join conversation View All Comments → Share your thoughts in the comments Post Comment Be respectful · TOI community guidelines

ALSO READ:

NEW DELHI: Since becoming world champion two years ago, noise has followed Dommaraju Gukesh almost everywhere, at times making it feel as though he isn't worthy of the title he rightfully won.But on Friday, when India needed the youngest world champion in history to deliver a win, he did exactly that, turning around an almost-lost position to beat Germany's Alexander Donchenko in Round 9 of the 46th Chess Olympiad in Samarkand, Uzbekistan.It was the kind of performance that felt like it could quiet the criticism all on its own.Playing black, Gukesh traded off his dark-squared bishop early to damage White's pawn structure, then spent the middlegame manoeuvring patiently, repositioning knights, expanding on the queenside with a5-a4, and probing for weaknesses without rushing.For a long stretch, the position stayed murky and roughly balanced, with both sides shuffling pieces and neither able to land a clean blow.It was in the run-up to the time control that things turned dangerous for Gukesh. Donchenko doubled his rooks on the e-file and pushed one all the way to e6, aiming squarely at Black's king, which had been forced to step out to f7 for safety.With his own clock running low, Gukesh had to defend precisely while trying to generate counterplay of his own on the kingside, pushing his h- and g-pawns forward to create complications.It was a position where one careless move could have ended the game in White's favour.Gukesh held his nerve. As the pawn storms and piece trades settled down, he found a route to activate his queen and knight while White's pieces drifted out of coordination.The Chennai-born grandmaster found an excellent move with 51...Nf4. The German sacked Gukesh's knight with 52.Rxf4, but Donchenko's bishop was thus left hanging on c3; Gukesh's queen swooped in to capture it, and from there it was a matter of technique.A check with his queen forced Donchenko's king into an impossible spot, and White resigned rather than play on a piece down with his king exposed.Elsewhere on the board, Nihal Sarin, playing white, spent much of his game in some turmoil against Frederik Svane but held firm for a draw.With Gukesh's win already banked, Praggnanandhaa and Arjun Erigaisi didn't need to force matters either, settling for draws against Vincent Keymer and Matthias Bluebaum, respectively. India closed out the match 2.5-1.5.With the win, India moved to 15 points, still one point behind hosts Uzbekistan, who beat the United States on Friday to stay in front.India's women's team also had a productive Friday, with Vantika Agrawal and Divya Deshmukh both delivering important wins to seal the match against Uzbekistan.Vantika, playing white against Nilufarkhon Imomkuzieva, picked up an early pawn with a sharp tactical sequence; a check with her queen forced Black's king to give up material before the middlegame had properly begun.She nursed that small material edge through a long, technical battle, trading down into a rook endgame where her extra pawn and more active king proved decisive.Pushing her kingside pawns forward in the closing stages, Vantika eventually broke through, and Imomkuzieva had no way to hold the position together.Divya Deshmukh's game against Gulrukhbegim Tokhirjonova was a far longer and more chaotic affair.Both sides grabbed material early. Tokhirjonova's knight snatched a pawn on b7 just as Divya's queen picked up a stray piece on d2, leaving the position roughly balanced but sharp.What followed was a marathon battle through the middlegame and into a complex rook, knight and bishop endgame, with both players navigating tricky technical positions deep into the game.Divya's technique held up better over the long haul, and after 73 hard-fought moves, Tokhirjonova had nothing left to stop Black's advancing king, resigning the position.Those two results were enough to see India through the match, keeping the team firmly in the mix for a medal.As things stand, India's women sit second in the standings on 15 points, behind an in-form Chinese side on 17.With two rounds left, India's hopes of gold now depend largely on whether China slip up, but on Friday's evidence, neither Indian team looks inclined to make things easy for anyone chasing them either.In the Open section, India face Uzbekistan 2, while the women’s team take on China in the penultimate round of the Chess Olympiad.","Dommaraju Gukesh turns around an almost-lost position to beat Germany's Alexander Donchenko in Round 9 of the 46th Chess Olympiad. India's women's team also had a productive Friday, with Vantika Agrawal and Divya Deshmukh both delivering important wins to seal the match.","https://static.toiimg.com/thumb/msid-134489381,imgsize-73032,width-400,height-225,resizemode-4/dommaraju-gukesh-of-india-photo-by-rafal-oleksiewicz-for-fide.jpg"
"Gurgaon road rage: 4 men smash car window, then attack complainants outside police station",https://timesofindia.indiatimes.com/city/gurgaon/four-men-smash-car-window-then-attack-complainants-outside-new-colony-police-station/articleshow/134469408.cms,"Four men allegedly got out of the SUV and tried to open his car door.





GURGAON: Four men allegedly intercepted a car and smashed its window on Thursday before attacking the complainant and two of his associates outside New Colony police station, where they had gone to lodge a complaint about the incident.The complainant, Gautam, a resident of Madanpuri, told police he was driving towards New Colony after taking a U-turn near Hari’s Bakery when a Scorpio N (HR26FG5726) overtook his car and forced him to stop.Four men allegedly got out of the SUV and tried to open his car door. When they failed, they allegedly smashed the window, and the broken glass hit Gautam’s face. He told police he suspected the men had come to rob him and were carrying illegal weapons.Gautam said he managed to drive away and called his friends Ravindra Kataria and Sandeep Dahiya. The three then went to New Colony police station to lodge a complaint. Gautam told police that a dashcam in his car had recorded the incident.Police said an emergency response vehicle received information about the incident near Aryan Hospital in Sector 7. A team reached the spot and found Gautam, Ravindra and Sandeep there, but the Scorpio had left.Police later found the SUV parked near Sai Temple at New Colony turn. Gautam told police its occupants had entered a hotel opposite the spot. A police team went to the hotel and found three men — Ajay , Mohit and Piyush Bhardwaj — in room 105. Police said the three had consumed alcohol and took them into custody.A fourth man, identified as Shivam, was apprehended while allegedly fighting with Gautam and his friends near the police station.Police said that after getting out of the police vehicle, Mohit joined Shivam and allegedly attacked Gautam, Ravindra and Sandeep near the station gate. Police personnel intervened and all four accused were taken for medical examination at Sector 10 govt hospital.Ravindra and Sandeep were also medically examined. Their reports recorded five and two injuries, respectively. Gautam also alleged that Ravindra’s gold chain went missing during the assault and that the accused threatened to kill them if they encountered them elsewhere.An FIR was registered at New Colony police station under sections 115(2), 126(2), 324(4), 351(3), 3(5) and 72(C) of Bharatiya Nyaya Sanhita.","Four men allegedly intercepted a car and smashed its window on Thursday. They then allegedly attacked the complainant and two of his associates outside New Colony police station, where they had gone to lodge a complaint about the incident. The complainant, Gautam, a resident of Madanpuri, told police he suspected the men had come to rob him.","https://static.toiimg.com/thumb/msid-134475858,imgsize-68439,width-400,height-225,resizemode-75/-.jpg"
Elon Musk’s Starship targets first orbital flight with 26 Starlink satellites aboard,https://timesofindia.indiatimes.com/technology/tech-news/elon-musks-starship-targets-first-orbital-flight-with-26-starlink-satellites-aboard/articleshow/134534517.cms,Tired of too many ads?,summarize: Tired of too many ads? Try this quiz to see if you can guess which ads are the most annoying. Try to guess which of these ads is the most irritating to you. Then try to guess the one that's the least annoying to watch.,"https://static.toiimg.com/thumb/msid-134534536,imgsize-25702,width-400,height-225,resizemode-4/elon-musks-starship-targets-first-orbital-flight.jpg"
"Last-minute dash, accomodation chaos, weight cut attempt: How Varun Sanyal's Asian Games nightmare unfolded",https://timesofindia.indiatimes.com/sports/asian-games-2026/last-minute-dash-accomodation-chaos-weight-cut-attempt-how-varun-sanyals-asian-games-nightmare-unfolded/articleshow/134537547.cms,"Varun Sanyal (Special Arrangement)

A fighter who almost wasn't there

Ranked among Asia's top six, Varun Sanyal was eventually drafted into the Indian squad only two weeks before the Games. (Special Arrangement)

The Games before the Games

I just remember that I finally hit the 30-minute mark and I stood up. And when you're dehydrated, you start seeing black, like you're starry-eyed. You get that head rush. I was completely out of it. I push the door to the sauna, and then there's this tiny bench, which I just flat out start lying down on, and I'm hyperventilating. Honestly, this whole thing feels like a fever dream. Varun Sanyal

30 minutes of chaos inside the sauna

Varun Sanyal

I have cut weight before and made it to the tournaments, so that wasn't the challenge. I think it was the short time window accompanied with all the stress, travel, etc. Plus just not having anyone there. Varun Sanyal

Varun Sanyal in the hospital. (Special Arrangement)

The medal that changed MMA's India story

New Delhi, Sep 24 (ANI): Indian athlete Suchika Tariyal, winner of the Bronze Medal in Mixed Martial Arts (MMA) at the Asian Games 2026, interacts with media as she receives a warm welcome from her family and supporters on her arrival at the airport, in New Delhi on Thursday. (ANI Photo/Neeraj)

Join conversation View All Comments → Share your thoughts in the comments Post Comment Be respectful · TOI community guidelines

NEW DELHI: By the time Varun Sanyal finally reached his room in Nagoya, nearly 12 hours had passed since landing in Japan. He had flown from London to Mumbai, collected his Asian Games accreditation card, travelled via Singapore, spent hours proving he was a registered athlete, and then found himself sharing a room that wasn't meant for three people.A few days later, he was lying outside a sauna, hyperventilating after collapsing during a weight cut attempt that ended his Asian Games campaign before it had begun.Yet Sanyal, who has now returned to London, would rather remember the Asian Games as the moment mixed martial arts (MMA) forced itself into India's sporting conversation.""Instead of focusing on what didn't happen, you focus on what did,"" he said in a conversation with TimesofIndia.com, referring to teammate Suchika Tariyal's historic bronze medal — India's first Asian Games medal in MMA.For a sport making its Asian Games debut, that perspective may prove more significant than his own heartbreak.Sanyal's road to the Games was anything but straightforward.The 26-year-old had earned qualification months earlier, but uncertainty over selection meant he shifted his attention back to his professional MMA career. Ranked among Asia's top six, he was eventually drafted into the Indian squad only two weeks before the Games after another athlete became ineligible under the Sports Ministry's selection criteria.Those two weeks became a race against time.He was recovering from a staph infection, reorganising an international training camp in England, arranging travel documents, and attempting to shed nearly five kilograms to make the lightweight limit — all while preparing for what should have been the biggest tournament of his career.On paper, Sanyal arrived in Nagoya as one of India's brightest MMA prospects. The Delhi-based fighter had already built an impressive résumé across amateur, semi-professional and professional circuits, compiling 17 bouts in just four years and establishing himself as one of the country's most active competitors. But nothing in that experience prepared him for the chaos that awaited off the cage.The accommodation chaos became one of the defining stories of Aichi-Nagoya 2026, and Sanyal finds a mention in that storyline.His name was missing from the registration list upon arrival. Officials at the Expo Hall directed him to the cruise ship that served as the Athletes' Village, where another round of explanations began from scratch. Questions over whether he was even registered followed, despite the accreditation card that had allowed him into Japan. The issue was eventually resolved only after intervention from the Indian Olympic Association (IOA), but not before an entire day had disappeared.The logistical mess exposed a deeper problem for Indian MMA.Unlike many established sports, the MMA contingent travelled without coaches being granted accreditation inside the cruise. Some of the coaches paid for their own flights, hotels and transport, while the athletes were left to manage themselves inside the village.That meant Sanyal wasn't simply preparing to compete. He became translator, manager and teammate rolled into one.He helped Suchika navigate anti-doping procedures, searched the sprawling cruise ship for medical assistance and even sprinted between decks looking for an iron to prepare India's competition kits.In another sport, those responsibilities would belong to support staff. In India's newest Games discipline, they fell to the athletes themselves.If the accommodation saga tested Sanyal's patience, the weight cut attempt tested his body.Competing in the 77kg category is slightly misleading. Because athletes weigh in wearing a gi and belt weighing around 1.5kg, competitors effectively need to reach roughly 75.5kg. Sanyal normally walks around at 80kg and had managed to cut down to 77.5kg before the final cut.Two kilograms remained and the clock was ticking down.Inside the sauna, the first few minutes were almost routine. Fighters from Kyrgyzstan, Singapore and Brunei chatted casually while everyone sweated through the final stages of preparation. Then dehydration began taking over.Sanyal remembers measuring time only through the sauna clock — one checkpoint after another. Around the 30-minute mark, he stood up, experienced a severe head rush and stumbled onto a nearby bench before collapsing.""I just remember that I finally hit the 30-minute mark and I stood up. And when you're dehydrated, you start seeing black, like you're starry-eyed. You get that head rush. I was completely out of it. I push the door to the sauna, and then there's this tiny bench, which I just flat out start lying down on, and I'm hyperventilating. Honestly, this whole thing feels like a fever dream,"" he said with a laugh.A Nepali athlete alerted his coach, who then attempted to communicate with Japanese medical staff through a translation app while Sanyal insisted, somewhat irrationally, that he did not want water because he still needed to make weight.""My body was really overheated at this point. I felt like I had a fever. I said I need to speak to my coach. Fortunately, the person near me was Nepali, so my coach spoke to him in Hindi. They then took me to a medical facility. There, my coach asked them to give me electrolytes. They spoke in Japanese and with limited English. Meanwhile, I am out of it and still saying not to give me anything because I am trying to cut weight.""Eventually, doctors treated him for dehydration and overheating, and medical advice to rehydrate immediately meant his Asian Games campaign officially ended.Looking back, Sanyal thinks it wasn't the smartest decision to cut weight. Doing it alone, after frantic travel and with virtually no recovery time, only added to the risk.""I have cut weight before and made it to the tournaments, so that wasn't the challenge. I think it was the short time window accompanied with all the stress, travel, etc. Plus just not having anyone there. I think had I done it in a more systematic way while I was there in the sauna, maybe.""I don't want to speculate because then I start thinking of what could have been. And then it becomes a bit frustrating,"" he explained.While Sanyal recovered, Suchika Taiyal won a bronze medal and became the first Indian MMA athlete to stand on an Asian Games podium. Sanyal had been in her corner throughout the competition — not officially as a coach, but as the closest thing India had inside the village.Her medal, coming controversially, altered the conversation.For years, MMA in India has largely existed outside the mainstream sporting ecosystem, thriving in independent promotions while fighting for institutional recognition. The Asian Games offered legitimacy, and the medal offered proof that the country could compete with Asia's best.Sanyal believes that is the real legacy of Nagoya.The federation (MMA-SFI) itself is barely over a year old, yet India has already produced medals at the Asian Youth Games and now the senior Asian Games. For a discipline only just entering the multi-sport landscape, those results matter as much as infrastructure.His own story, strangely enough, helped too.The accomodation controversy, the viral videos that went with it, the failed attempt at playing the continental showpiece brought unprecedented attention to a sport that rarely finds itself on front pages. It wasn't the publicity he wanted, but perhaps it was the publicity Indian MMA needed.""We still came away with a medal despite everything going on, which I think is huge. Two things to this. The medal showing that we (can) produce results. The federation that sent us has only been in existence for just a little over a year or so. And even at the Asian Youth Games, medals were produced. So I'd say the biggest takeaway is that the federation and the athletes have shown that MMA fighters can produce results. Now I would like the government, the corporate sponsors and the audience to get behind the MMA fighters,"" said Sanyal.""If you ask my personal takeaway, I'm glad that there was so much interest shown. It was at my expense but the fact of the matter is so much media attention went on the sport, put on the athletes and for that I'm grateful. So for me that that's the biggest takeaway,"" he continued.Sanyal left Nagoya without stepping into the cage. Yet in many ways, his toughest fight had already been won: convincing an entire country that MMA belongs on its biggest sporting stage.","Varun Sanyal was one of India's brightest MMA prospects. Ranked among Asia's top six, he was drafted into the Indian squad only two weeks before the Games. The 26-year-old had earned qualification months earlier, but uncertainty over selection meant he shifted his attention back to his professional MMA career.","https://static.toiimg.com/thumb/msid-134537794,imgsize-199145,width-400,height-225,resizemode-4/varun-sanyal.jpg"
"Asian Games: Priya, Lovlina storm into semifinals as India’s boxers continue to assure medals in Aichi-Nagoya",https://timesofindia.indiatimes.com/sports/asian-games-2026/asian-games-priya-lovlina-storm-into-semifinals-as-indias-boxers-continue-to-assure-medals-in-aichi-nagoya/articleshow/134537865.cms,"Priya Ghanghas and Lovlina Borgohain

Lovlina assures second successive Asiad medal

Priya joins growing list of Indian semifinalists

Join conversation View All Comments → Share your thoughts in the comments Post Comment Be respectful · TOI community guidelines

NEW DELHI: India’s boxing campaign continued to gather momentum at the Asian Games 2026 as Priya Ghanghas and Lovlina Borgohain powered into the semifinals on Monday, assuring the country of two more medals in the ring. The duo’s victories added to an already growing list of Indian boxers who have reached the last four, underlining the sport’s contribution to India’s medal haul in Aichi-Nagoya.Lovlina, the Tokyo Olympics bronze medallist, produced a commanding 5-0 unanimous-decision victory over South Korea’s Seong Suyeon in the women’s 75kg quarterfinal. The win guaranteed the Assam boxer at least a bronze medal and a second successive Asian Games podium finish after her silver at Hangzhou in 2023.Priya followed with another 5-0 victory, overcoming Tajikistan’s Mijgona Samadova in the women’s 60kg quarterfinal to book her place in the last four.Competing in her first bout of the tournament, Lovlina made an aggressive start against Seong, repeatedly using her jab-cross combination to unsettle the South Korean. Although Seong attempted to use her height advantage and landed a barrage of punches in the second round, Lovlina’s movement and cleaner combinations kept her in control.The Indian continued to find openings with her crosses and hooks before finishing strongly with quick 1-2 combinations. The judges awarded her all three rounds, giving her a comprehensive 5-0 victory.For Lovlina, the medal continues an impressive run across major international competitions. She won silver at the previous Asian Games and also claimed Commonwealth Games silver last month, adding to medals won at the World Championships, Asian Championships and World Cup.Lovlina will face Kazakhstan’s reigning 70kg world champion Natalya Bogdanova in the semifinal.Priya, the Asian Championship gold medallist and reigning Commonwealth Games champion, also secured her place on the podium with a unanimous decision against Samadova.Her progress means India now have multiple boxers assured of medals, with Parveen Hooda (65kg), Ankush Panghal (80kg) and Narender Berwal (+90kg) having already entered the semifinals on Sunday.Parveen defeated Uzbekistan’s World Championships silver medallist Navbakhor Khamidova 5-0, while Ankush recorded a similar unanimous-decision win over Tajikistan’s Nekruz Salimov. Narender also advanced to the last four in the +90kg category.India had returned from the previous Asian Games with four boxing medals, including one silver and three bronze. With the competition still having several rounds to go in Aichi-Nagoya, the Indian boxing contingent has already positioned itself for another significant contribution to the country’s medal tally.Kapil Pokhariya is also in action on Monday in the men’s 90kg quarterfinal, giving India another opportunity to add to its growing list of semifinalists.",Priya Ghanghas and Lovlina Borgohain reach semifinals of Asian Games 2026. Priya beats Tajikistan’s Mijgona Samadova 5-0 to book her place in the last four. The win guaranteed the Assam boxer at least a bronze medal and a second successive Asian Games podium finish after her silver at Hangzhou in 2023. The victory added to an already growing list of Indian boxers who have reached the lastFour.,"https://static.toiimg.com/thumb/msid-134538020,imgsize-156127,width-400,height-225,resizemode-4/priya-ghanghas-and-lovlina-borgohain.jpg"
"At 15, Joshna Chinappa made her Asian Games debut; 24 years later, she has seven appearances and six medals",https://timesofindia.indiatimes.com/sports/asian-games-2026/at-15-joshna-chinappa-made-her-asian-games-debut-24-years-later-she-has-seven-appearances-and-six-medals/articleshow/134537701.cms,"Joshna Chinappa and Velavan Senthilkumar show their bronze medal (ANI Photo)

Join conversation View All Comments → Share your thoughts in the comments Post Comment Be respectful · TOI community guidelines

NAGOYA: When Joshna Chinappa became the British Junior Open U-17 champion in 2003, her current teammates Anahat Singh and Shameena Riaz were not even born.Inside the glass walls of the squash court, Joshna did more than redefine how the game could be played by Indian women. Alongside Dipika Pallikal, the other women pioneer of the sport in India, she helped rewrite the narrative for women in squash.On Saturday, at the Nagoya Kinjo Futo Arena, in her record seven Asian Games appearances, Joshna added her sixth medal, a bronze. The medal came after a contentious decision denied her and Velavan Senthilkumar a place in the mixed doubles final.Senthilkumar and Joshna then went into the mixed doubles final. It was a call the 40-year-old found difficult to stomach, but one she knows she will eventually have to move past.“I’ll have to get over it. That’s life, right? As an athlete, it’s important to be able to bounce back from those decisions and tough matches. My career is filled with that. So, as much as I am disappointed, and it’ll take me a couple of days, I’ll be back,” Joshna reflected, during a chat with TOI.Joshna’s Asian Games journey began as a teenager, and the memories of that first appearance remain vivid.“I was barely 15 when I went for my first Asian Games (Busan 2002). That memory is still clear because I was young and was meeting all the superstars of Indian sport for the first time. They were so much older, it was very intimidating.“But I also learned so much. I knew I’d still be playing from back then,” she said.Staying at the top of a gruelling sport for so long has meant embracing the daily grind. Joshna trains for five to six hours a day, driven by the belief that representing India is about more than simply being part of the squad.“It’s such a privilege and great responsibility to be able to play for India and to be a person who can still contribute to the medals. I never wanted to be someone who just made up numbers in the team. The girls are so much younger and are doing really well, so it’s important that I contribute as well,” she said.Her commitment even extended to a small personal sacrifice. Three months ago, she gave up chocolates to keep her sweet tooth in check until the Games.There will, however, be no attempt at one final Olympic chapter. Joshna has ruled out a shot at the 2028 Los Angeles Olympics, where squash will make its debut.","Joshna Chinappa won a bronze medal at the Asian Games in Nagoya. The 40-year-old was denied a place in the mixed doubles final. Joshna has ruled out a shot at the 2028 Los Angeles Olympics, where squash will make its debut.","https://static.toiimg.com/thumb/msid-134537785,imgsize-116668,width-400,height-225,resizemode-4/joshna-chinappa.jpg"
"Asian Games 2026: Abhay, Anahat’s upset bids fall short as Malaysia retain squash singles titles",https://timesofindia.indiatimes.com/sports/asian-games-2026/asian-games-2026-abhay-anahats-upset-bids-fall-short-as-malaysia-retain-squash-singles-titles/articleshow/134537305.cms,"India's Anahat Singh (ANI Photo)

Join conversation View All Comments → Share your thoughts in the comments Post Comment Be respectful · TOI community guidelines

NAGOYA: For Abhay Singh and Anahat Singh, the singles squash finals were always going to be a tough ask. But they lent hope after their stirring semifinal victories, that the Indian duo could produce another upset and punch their tickets to the 2028 Los Angeles Olympics.Instead, both had to settle for silver, losing to Malaysia’s defending champions, who used their greater experience, tactical nous and game awareness to tilt the finals in their favour. Abhay went down 9-11, 5-11, 5-11 to nemesis Yow Eain Yow in 44 minutes, while Anahat was beaten 4-11, 4-11, 7-11 by Sivasangari Subramaniam.For Anahat, the women’s final was less about how she lost and more about how comprehensively Sivasangari controlled the contest. The Indian teenager made a bright start, going toe-to-toe with the Malaysian and opening up a 3-2 lead. But her drop shots soon began to unravel, offering Sivasangari the opening she needed. The defending champion seized it and never allowed Anahat back into the game.The Indian struggled to match Sivasangari’s pace and movement, while the Malaysian repeatedly found ways through her defence. The second game followed much the same script, with Anahat searching for answers to her opponent’s attacking game.After the dramatic comeback against Japan’s Satomi Watanabe in the semifinal, there was hope Anahat could produce another fightback. Sivasangari, however, gave her no room to launch one, closing out the match and securing the Olympic berth.For Anahat, the defeat was another lesson in a week that offered plenty of them. “The past week has been a learning experience in terms of how to handle pressure and play against more experienced players. I’m going to rewatch all the matches and try to learn as much as I can from it,” she said. The 18-year-old admitted she was disappointed with her performance. “I’m not happy with the way I played. I could have done a lot better. Maybe I got a bit too happy after the semifinal win and the adrenaline was too high,” she said.Abhay, meanwhile, came up against an opponent he has never beaten. The Indian kept the opening game tight, engaging Yow in long rallies. But a missed shot gave the Malaysian an opening, which he duly exploited. There were prolonged exchanges of backhand drop shots, but they eventually began to take their toll on Abhay’s legs and his movement slowed down. Once Yow edged the opening game, he took control, retrieving almost everything Abhay threw at him and repeatedly blunting the Indian’s attacks.“I’m disappointed with the result. To be honest, I have nothing to celebrate because I didn’t come here to win the silver. That said, sometimes you need to put your hands up and give credit to your opponent. I think he deserved to win,” Abhay conceded.","Abhay Singh and Anahat Singh both lose in singles squash finals. Abhay beaten by nemesis Yow Eain Yow in 44 minutes. Anah at beaten by Sivasangari Subramaniam in 4-11, 4- 11, 7-11.","https://static.toiimg.com/thumb/msid-134537353,imgsize-93730,width-400,height-225,resizemode-4/asian-games.jpg"
"Trend, research, repeat: How Gen Z is shopping for the festive season",https://timesofindia.indiatimes.com/city/delhi/trend-research-repeat-how-gen-z-is-shopping-for-the-festive-season/articleshow/134535813.cms,"Young shoppers are taking a more considered approach to festive purchases (AI Image)

Social media not only sets trends but allows shoppers to find out what the latest festive season fashion is looking like

‘Upcycling remains a favourite’

Last year, we took a festive shopping trip to Janpath’s Gujarati Market, where Times Fresh Face contestants Divyanshi Sachi and Bhavini Rana joined us to explore Navratri looks

Tracking trends, hunting deals

I mostly come across festive fashion trends via Instagram and then do a deep dive research about them on Pinterest to see whether I like them enough to buy them Kanishka Mukhija, 20, student and makeup artist

‘Instagram and Pinterest are major sources of reference’

For Gen Z, festive shopping is no longer just about spotting a trend and grabbing it at the local market or adding it to your cart (AI Image)

From

Lajpat Nagar

to online carts





For Gen Z, festive shopping is no longer just about spotting a trend and grabbing it at the local market or adding it to your cart. From discovering looks on Instagram and Pinterest to checking Reddit reviews, comparing prices and giving old outfits a new spin, young shoppers are taking a more considered approach to festive purchases. A recent study by Snapchat-GWI found that seven in 10 Gen Z consumers said creator content helps them discover products, while four in 10 actively seek opinions or advice before making a purchase.You may call Gen Z unserious, but they don’t kid when it comes to shopping. “My favourite hack has to be upcycling mom’s saris and suits. Last year for Diwali, I turned my mom’s silk saree into a coord set, and it turned out great. That’s one hack I like to follow. I also use my mom’s and nani’s jewellery that I can style in my own way. I like to use trending prints as borders on simple outfits to make them shine for the festive season. Gota patti was trending recently, and I used a flashy gota patti lace and asked my tailor to stitch it on my plain kurta. It turned into a completely new outfit,” shares Aanvi, 21, a working professional.Karnika Chandana, 27, adds that while following trends is fun, she prefers a blend of traditional outfits and trendy looks, “I don’t want my festive outfits to feel too trend-driven because traditional silhouettes have a timeless charm.But I do like adding a modern touch through the blouse, draping, jewellery, colours or styling. For me, the outfit should still feel festive and Indian but not look dated.”For some, online shopping is an easier way to get the best deals and keep an eye out for trends. Dippra Pathak, 25, a working professional, notes, “With online shopping, I can check out the same outfits from multiple places at different prices. I can see the reviews and check the quality, and whether it looks the same for other shoppers. I usually prefer Reddit for reviews because they’re very honest.” She adds that, to avoid missing out on sales, she keeps her cart and wishlist updated and checks them regularly to keep track of price drops.Young shoppers have also incorporated AI to compare prices, find trends and look for the best deals online. Prompts to analyse and differentiate between bot and real reviews have been popular online. “I have used AI occasionally when I’m trying to compare options or find out what’s trending. But I usually use it as a starting point rather than relying on it. I still check Instagram, ecommerce websites and customer reviews before buying something,” Karnika says.Social media not only sets trends but allows shoppers to find out what the latest festive season fashion is looking like. Kanishka Mukhija, 20, student and makeup artist, says, “Social media has impacted all the possible aspects around festivals, in my opinion. I tend to go for make-up products to even accessories being suggested in reels and trends much more than any other suggestion. I mostly come across festive fashion trends via Instagram and then do a deep dive research about them on Pinterest to see whether I like them enough to buy them. ”Aanvi adds, “Influencers start posting like a month before the festive season. You get an idea of what the trends are going to be this season. Also, what a celeb is wearing to an event. So that becomes a trend and then eventually everybody starts replicating it. Instagram and Pinterest are major sources of reference.”Putting her own spin on luxury trends, Aanvi compares designer pieces with dupes, DIY options and online prices to get the best deal. “Personally, if I like a high-end design, I first check how much the designer is selling it for and then look for a dupe online. If I find it significantly cheaper online, I’ll buy it there. If the price is similar to getting it stitched, I’d rather get it hand-stitched by a designer and go the outfit from scratch route,” she explains, adding that Lajpat Nagar is her go-to for its wide variety of traditional and modern clothing options.Kanishka uses a mix of options. “My go-to shopping hacks include local market scouting, where I go to places like Sarojini Nagar, Lajpat Nagar and Chandni Chowk in the first half of the day to avoid crowds and find good deals, along with constantly looking out for pre-festive deals on e-commerce platforms, etc. I browse markets before buying because it definitely comes in handy for cost-effectiveness as well as in terms of variety to choose from. ”",Social media not only sets trends but allows shoppers to find out what the latest festive season fashion is looking like. A recent study by Snapchat-GWI found that seven in 10 Gen Z consumers said creator content helps them discover products. Four in 10 actively seek opinions or advice before making a purchase.,"https://static.toiimg.com/thumb/msid-134535845,imgsize-1695326,width-400,height-225,resizemode-75/young-shoppers-are-taking-a-more-considered-approach-to-festive-purchases.jpg"
Why some men commit sexual crimes? No easy answers to this,https://timesofindia.indiatimes.com/city/delhi/why-some-men-commit-sexual-crimes-no-easy-answers-to-this/articleshow/134524838.cms,"Image Used For Representational Purpose Only





NEW DELHI: The Astha Kunj gangrape case has again raised a difficult question: what makes some men cross the line to choose sexual assault? Psychiatrists and psychologists say the answer is not simple, and single explanation can explain all cases.Behind sexual assaults lies a complex mix of narcissistic entitlement, deviant thinking, impulsive behaviour, poor control over anger, a belief that they can escape the law and, in some cases, mental illness.None of this can or should absolve any attacker, the psychiatrists pointed out.Dr Rajiv Mehta, a psychiatrist at Sir Ganga Ram Hospital, said sexual assaulters have personality deviations and believe they can escape the law. “They can be impulsive, impatient and have a low tolerance level. They may not think through the consequences before acting. They may have a false notion that they are above the law. They can be furious and quick to act. At times, they may also be under the influence of drugs,” he said.Mehta added that some assaulters may suffer from mental illnesses, such some kind of mania or even schizophrenia. “Mania can lead to increased libido, risk-taking behaviour and other symptoms.In this particular case, the accused was disturbing others and allegedly carrying a firearm illegally,” he said.He added that society needs to be educated about mental illness and the stigma surrounding it needs to be addressed. “Behaviours have biological moorings and can be treated through medicines and counselling,” he said.Dr Rajat Mitra, a professor of forensic psychology who has worked with survivors of sexual assault for over two decades, said research had shown that sexual assaulters do not necessarily suffer from mental illness. “However, they may have deviant thinking and ideation, and relationships are complex for them. In a normal relationship, intimacy develops gradually, after affection. But this does not happen for assaulters and they perceive the use of force against a woman as natural. Sexual assault also cannot be put into one category as each case varies,” he said.Mitra added that about one-third of sexual assaults involve violent attacks as some assaulters find violence to be sexually arousing. “Several assaulters have said they could not continue with the act because they could not avoid the face or the look of the victim. To erase the sense of innocence in the victim and keep themselves going, they indulge in violent acts,” he said.Mitra said the word “rape” is derived from the Latin word raptus, meaning to seize another man’s property. Given the term’s historical and derogatory connotations, he said such incidents should be referred to as sexual assault.Dr Nimesh G Desai, a senior psychiatrist and former director of Institute of Human Behaviour and Allied Sciences (IHBAS), said: “Rapid urbanisation, rural-to-urban migration, sexual frustration, lack of fear of the law, and the influence of social media, added to innate urges, are factors that may drive a few men towards crime. However, none of these reasons is justified.”He added that the basic instinct of sexual urge has to be channelled in more ethically appropriate ways. “All men should be taught about this. All potential victims should be taught all forms of protection. A swift and equitable criminal justice system plays a very crucial role in prevention,” he said.Pulkit Sharma, a clinical psychologist and psychoanalytic therapist, said narcissistic entitlement can drive some men towards sexual assault. “In Indian society, some men hold patriarchal beliefs that they are superior to others. In recent times, certain movies and social media reels have contributed to a return of the ‘primitive man’. A few years ago, such characters were portrayed as villains, but they are now celebrated in films and on social media. ”He added that ""some Indian men are unable to accept an independent woman socialising with her male friends. They may believe that they are entitled to have the same woman as well.”Sharma added that for some assaulters, the law does not act as a not a deterrent because they believe that their connections or money can help them get away.","The Astha Kunj gangrape case has again raised a difficult question: what makes some men cross the line to choose sexual assault? Psychiatrists and psychologists say the answer is not simple, and no single explanation can explain all cases. Behind sexual assaults lies a complex mix of narcissistic entitlement, deviant thinking, impulsive behaviour, poor control over anger and a belief that they can escape the law.","https://static.toiimg.com/thumb/msid-134537180,imgsize-120056,width-400,height-225,resizemode-75/-.jpg"
"Meet Shereen Pavlides, the former Glen Mills resident who turned home cooking into a digital career; the 1990 high school graduate now has about 5 million TikTok followers, 2 million on Facebook and 1",https://timesofindia.indiatimes.com/world/us/meet-shereen-pavlides-the-former-glen-mills-resident-who-turned-home-cooking-into-a-digital-career-the-1990-high-school-graduate-now-has-about-5-million-tiktok-followers-2-million-on-facebook-and-1-45-million-youtube-subscribers/articleshow/134534658.cms,"​Shereen Pavlides develops her own recipes and produces her cooking content. (Daily Times photo)

The TikTok video that changed everything

Building a career around cooking

Her advice to content creators

Shereen Pavlides did not plan to become a social media star. The Garnet Valley High School Class of 1990 graduate and former Glen Mills resident built her career around food over several years, moving from restaurant work and private mortgage insurance to culinary school, food writing and television. Today, millions of people follow her cooking content online.Pavlides is known online as Cooking With Shereen. She has built a following of about 5 million on TikTok, more than 2 million on Facebook, over 1 million on Instagram and roughly 1.45 million YouTube subscribers. Her online audience grew as she shared simple recipes and cooking techniques from her own kitchen.According to Delco Today, Pavlides' journey into food began early. As a teenager, Pavlides worked in restaurants. She later spent years in private mortgage insurance before enrolling in culinary school in New York City. That decision changed the direction of her career and led her into several food-related roles.After culinary school, Pavlides worked in food styling, food writing and recipe development. She also worked in test kitchens, including at Good Housekeeping. Her experience eventually took her to QVC, where she became an on-air guest and appeared in more than 186 live broadcasts demonstrating cookware, bakeware and kitchen appliances.Her television work played an important role in what came next. Viewers regularly asked Pavlides for her recipes, and those requests encouraged her to create content of her own.She launched her YouTube channel in 2019 and began experimenting with TikTok soon after. One of the videos that helped her gain attention was her fifth TikTok video. It was simple tutorial on making chicken cutlets. The video received millions of views and helped establish her he simple, from-scratch cooking style that became synonymous to Pavlides' online content.Pavlides continued developing recipes and filming them in her own kitchen. She also remains involved in editing her videos even as her audience grew.Her work now takes an estimated 60 to 80 hours a week. Even with a large online following, she continues to develop her own recipes and remain involved in the production of her content.The social media career has also taken Pavlides beyond online platforms. She has appeared on major television programmes and published two bestselling cookbooks. She is currently working on a third cookbook. At the same time, Pavlides is planning to expand her production team as her work continues to grow.Her career has moved from working in restaurants and food-related jobs to creating content that reaches millions of people through several platforms. However, the path has not been limited to one type of food media. Her experience in food styling, writing, recipe development, test kitchens and live television has all become part of the career she has built around her online presence.Pavlides has also shared advice for people who want to build their own careers in content creation. Speaking to aspiring creators at a recent Broadcast Pioneers event, she said creators should focus on providing something useful to their audiences.“Don’t make it about yourself. Give something that can help somebody else and be useful in their lives. Quality of your content really matters, because you are building trust,” Pavlides said.She also stresses on the importance of having a direct relationship with an audience and being genuine in the way content is presented.“Talk to your audience, not at them, and be your authentic self,” she said. “Be good at what you’re communicating and let the rest ride,” Pavlides added.What began with a YouTube channel in 2019 and early experiments on TikTok has since become Cooking With Shereen, with a large audience spread across TikTok, Facebook, Instagram and YouTube.","Shereen Pavlides is known online as Cooking With Shereen. She has built a following of about 5 million on TikTok, more than 2 million on Facebook, over 1 million on Instagram and roughly 1.45 million YouTube subscribers. Her online audience grew as she shared simple recipes and cooking techniques from her own kitchen.","https://static.toiimg.com/thumb/msid-134536650,imgsize-98570,width-400,height-225,resizemode-4/shereen-pavlides-develops-her-own-recipes-and-produces-her-cooking-content-daily-times-photo.jpg"
Post-festival cleanup effort: Students unite for beach clean-up: 207 kg of waste removed after Ganesh Visarjan,https://timesofindia.indiatimes.com/city/mumbai/post-festival-cleanup-effort-students-unite-for-beach-clean-up-207-kg-of-waste-removed-after-ganesh-visarjan/articleshow/134537020.cms,"In the wake of the Ganesh Visarjan festivities, students and volunteers united early Sunday to clean Juhu Beach, collecting an impressive 207 kilograms of waste primarily linked to the immersions. This initiative not only underscored the importance of environmental stewardship post-celebration but also showcased collaboration with local NGOs. Participants described the experience as transformative, reminding them of the city's environmental needs amid festivities like Ganesh Visarjan.





On Sunday morning, Juhu Beach, Koliwada, Santacruz looked very different from the festive shoreline it had been just a night earlier. The sounds of celebration had faded, the crowds had dispersed and the sea had carried away countless idols offered during Ganesh Visarjan. What remained on the shore was the aftermath — flowers, plastic bags, immersion material and remnants of Ganesh idols scattered across the sand.THE MORNING AFTER BAPPA’S FAREWELLAt daybreak, 36 student volunteers arrived not to celebrate, but to clean up. Over the course of the beach clean-up drive, they collected 207 kilograms of waste, much of it linked to the previous day's immersions. The waste was segregated on-site and handed over for appropriate disposal, with the initiative focusing on reducing the impact of post-festival debris on Mumbai's coastline and mangrove ecosystem.FROM CELEBRATION TO RESPONSIBILITYThe clean-up was jointly conducted by students from a city college in association with local NGOs, with faculty, staff and student volunteers coming together early on a Sunday morning to tackle the debris left behind after the festivities. The initiative was spearheaded by Vidur Dhabaria, a city college faculty member who teaches Environmental Studies (EVS) and also leads a youth education non-profit organisation.For him, the exercise was an extension of what students learn beyond the classroom.“Ganesh Visarjan is a moment of great faith and celebration, but it also leaves our beaches carrying the weight of that celebration the very next morning,” he says. “This drive is about taking responsibility for that impact; not as an afterthought, but as an extension of what we teach our students, both in the classroom and outside it.”With 207 kilograms of waste removed from the shoreline, Dhabaria says every small action matters. “Every kilogram of waste we pulled off this beach today is a small but real act of care for Mumbai's coastline.”‘ENVIRONMENTAL RESPONSIBILITY FELT REAL’For the students, the exercise offered a lesson that went well beyond textbooks and lectures. Second-year BBA in International Business student Simran Kaur, a Khar resident, says seeing the extent of the waste first-hand changed the way she viewed environmental responsibility.“It was overwhelming to see how much waste had accumulated on the beach in just one night after the immersions,” she says. “Being part of the clean-up made the idea of environmental responsibility feel real and immediate, rather than something we just read about. It's a small effort, but it reminds us that we all have a part to play in keeping our city's coastline clean.”For first-year International Business and Finance student Abhinandan Agrawal, the experience offered a different perspective on a festival he had always associated with celebration. “This was my first time volunteering for a beach clean-up, and it completely changed how I look at Visarjan celebrations,” says the Vile Parle resident. “Seeing idol remains and plastic waste up close made the environmental cost very real for me. ”‘THE CITY FEELS A LITTLE MORE LIKE HOME’For two students who moved to Mumbai from outside the city, the morning carried an added significance. Bhopal resident Juhi Shahani and Piyush Agrawal from Nepal, both pursuing BBA in International Business in Mumbai, had never experienced Ganesh Visarjan up close before moving to the city for college.“Being from out of town, we hadn't seen a Ganesh Visarjan up close before moving to Mumbai for college,” they say. “Waking up early to clean the same beach we'd celebrated on the night before really stayed with us — it made the city feel a little more like home, and reminded us that we're responsible for it too, not just visitors passing through.”MORE THAN A SYMBOLIC GESTUREThe early start was itself a reflection of the commitment behind the exercise. Volunteers were on the ground at 6 a.m., working together to clear the shoreline rather than simply marking the occasion with a symbolic gesture. Vishal Gupta, coordinator with one of the partner organisations, says the effort demonstrated that commitment. “Seeing the entire team come together at 6 a.m. on a Sunday says a lot about the intent behind this drive — it wasn't just symbolic, it was real work. ”By the time the clean-up was over, 207 kilograms of post-Visarjan waste had been removed from the beach. But perhaps the more lasting takeaway was less tangible: for the students who spent their Sunday morning picking up what the celebrations had left behind, the shoreline became a classroom — one that offered a simple lesson in celebrating with faith while taking responsibility for what comes after.","Ganesh Visarjan festivities left behind debris on Juhu Beach, Koliwada, Santacruz. 36 student volunteers collected 207 kilograms of waste, much of it linked to the previous day's immersions. The clean-up was jointly conducted by students from a city college in association with local NGOs.","https://static.toiimg.com/thumb/msid-134537020,imgsize-372411,width-400,height-225,resizemode-75/134537020.jpg"
"Jewellery store heist in Navi Mumbai: One held, 3 others at large",https://timesofindia.indiatimes.com/city/mumbai/jewellery-store-heist-in-navi-mumbai-one-held-3-others-at-large/articleshow/134525477.cms,"The CCTV camera footage at the jewellery store has captured two thieves entering the jewellery store after making a huge hole in the common wall and decamping with silver articles on display. However, their attempt to break open the treasury safe in the vault room failed as the alarm siren rang and the thieves fled.





Navi Mumbai: In a breakthrough in the heist at Meghana Jewellers store in Kopri village, sector 26A, Vashi, wherein two men had broken through the common wall of the rented shop and the adjacent jewellery store with tools on Friday around 3 am and had decamped with around 2.5 kg of silver articles estimated to be worth around Rs 6 lakh kept on display at the jewellery store, APMC police arrested one accused from Mankhurd on Sunday.The CCTV camera footage at the jewellery store has captured two thieves entering the jewellery store after making a huge hole in the common wall and decamping with silver articles on display. However, their attempt to break open the treasury safe in the vault room failed as the alarm siren rang and the thieves fled.Abasaheb Patil, senior inspector of APMC, said, “The arrested accused’s identity cannot be revealed, as of now, as it will loosen the strings of the investigation and the three wanted accused will become alert. The arrested accused man was involved in the heist for keeping a watch outside the jewellery store, while the two gang members were breaking the common wall of the rented shop. Four thieves, all hailing from Jharkhand, had executed the crime, including the tenant, who had rented the shop next to the jewellery store, under the guise of fruit selling business. The accused tenant and his two other aides have been identified after the arrested accused disclosed their identity during interrogation. Accordingly, a manhunt has been launched for the other three accused. We have got vital leads of the absconding accused and a police team is tracking them. Only after the three absconding accused are arrested, the stolen silver articles will be recovered.”","Two men had broken through the common wall of the rented shop and the adjacent jewellery store with tools on Friday around 3 am. APMC police arrested one accused from Mankhurd on Sunday. Four thieves, all hailing from Jharkhand, had executed the crime, including the tenant, who had rented the shop under guise of fruit selling business.","https://static.toiimg.com/thumb/msid-134525476,imgsize-163871,width-400,height-225,resizemode-75/beans-26915-24691905-66lfhjpeg.jpg"
​​​Sambhajinagar gears up to bid adieu to Bappa; Greens fume over trees pruning for procession,https://timesofindia.indiatimes.com/city/aurangabad/sambhajinagar-gears-up-to-bid-adieu-to-bappa-greens-fume-over-trees-pruning-for-procession/articleshow/134469053.cms,"Trees mercilessly pruned to make way for processions in Sutgirani chowk area

Chhatrapati Sambhajinagar

:

TOI

TOI





Ganapati mandals and households have started preparing for immersion day, marking the conclusion of the Ganeshotsav on Friday.A day before immersion, the atmosphere in the city turned enigmatic, with people feeling emotional but electric. At Ganesh mandals across the city, devotees gathered for the final darshan of Bappa as evening aartis stretched late into the night, and chants of ‘Ganapati Bappa Morya’ echoed louder and distribution of prasad reached its peak.“There was always a bittersweet mood the day before the farewell to Bappa. Like every year, the festival passed so quickly this time too amid the spirit of devotion and spirit,” said Abhishek Ranjangaokar, a youth volunteer with a Ganesh mandal.The city police have also prepared for the immersion day and announced traffic diversions on major procession routes.Environmentalists, however, were outraged after roadside trees from Garkheda Sutgirni Chowk to Jawahar Nagar Police Station have been pruned to clear the route for Ganesh immersion processions.“Branches were pruned cruelly so that 20- to 50-foot-tall idols carried on trucks and tractors face no obstruction,” Dr Kishor Pathak, an environmentalist, told. He alleged that the cutting was done on the instructions of public representatives.Pathak said Ganesh mandals were also disrespecting Lord Ganapati and inviting nature’s wrath by destroying nature.“The civic officials said that trees were being cut against their wishes due to political pressure. The private contractors cut branches in an unscientific manner despite municipal staff being present. If idols of normal height were used, there would be no obstruction of trees,” Pathak said.tried contacting Vijay Patil, garden superintendent of the civic body. He, however, could not be reached for comments by the time of going to the press.","Trees mercilessly pruned to make way for processions in Sutgirani chowk area. At Ganesh mandals across the city, devotees gathered for the final darshan of Bappa as evening aartis stretched late into the night.","https://static.toiimg.com/thumb/msid-134469052,imgsize-299028,width-400,height-225,resizemode-75/treesjpg.jpg"
"LPG leak triggers blast at Sanpada snacks shop in Navi Mumbai, 2 injured",https://timesofindia.indiatimes.com/city/navi-mumbai/lpg-leak-triggers-blast-at-sanpada-snacks-shop-in-navi-mumbai-2-severely-injured/articleshow/134254350.cms,"A LPG cylinder leakage caused a blast at a Sanpada snacks shop on Tuesday morning.





NAVI MUMBAI: Two men sustained severe burn injuries after a LPG cylinder leakage triggered a blast at a snacks shop on the ground floor of a society in sector-1, Sanpada on Tuesday morning. The impact of the blast was so severe that the glass facade of a hospital, located about 50 feet away, was shattered. Fortunately, the patients and staff at the hospital were not hurt.Purushottam Jadhav, Divisional officer of Vashi fire station said, ""At 6.13 am, the Vashi fire station received the emergency call informing about a cylinder blast at a snacks shop in Pratik CHS on sector-1, Sanpada. The fire bridge team reached the spot within 5 minutes.It was found that the blast was due to leakage in one of the three LPG cylinders kept at snacks shop. The two men working at the snacks shop sustained severe burn injuries and were rushed to NMMC hospital, Vashi. Those injured were identified as Arjun Yadav (46) who has sustained 75 precent burn injuries and Manish Yadav (26), who has sustained 90 percent burns.The blast even caused damage to two shops adjacent to the snacks shop and three other shops in the neighbouring Abhimanyu CHS. While, the glass facade of Suraj hospital located opposite to Pratik CHS was shattered due to the impact of the blast.""","Two men sustained severe burn injuries after a LPG cylinder leakage triggered a blast at a snacks shop on the ground floor of a society in Sanpada. The impact of the blast was so severe that the glass facade of a hospital, located about 50 feet away, was shattered. Fortunately, the patients and staff at the hospital were not hurt.","https://static.toiimg.com/thumb/msid-134254350,imgsize-212442,width-400,height-225,resizemode-75/134254350.jpg"
"16 years after construction, KDMC mayor finally moves into civic bungalow",https://timesofindia.indiatimes.com/city/thane/16-years-after-construction-kdmc-mayor-finally-moves-into-civic-bungalow/articleshow/134454604.cms,"The bungalow was constructed in 2010.





KALYAN: Sixteen years after it was constructed, the Kalyan-Dombivli Municipal Corporation’s (KDMC) new mayoral residence at Adharwadi finally got its first regular occupant, with mayor Harshali Chaudhari-Thavil performing the vastu shanti puja and entering the bungalow on Wednesday.The bungalow was constructed in 2010. However, a dispute over access to the property kept the residence largely unused for years. Several mayors subsequently attempted to resolve the road issue, but the efforts failed as villagers whose land was required for the access road were reportedly unwilling to part with the land.Even after the civic body spent lakhs of rupees on repairs, the bungalow remained unused. Former mayor Vinita Rane had performed a puja at the residence but chose not to stay there.With prolonged neglect, wooden furniture inside the bungalow was damaged and several portions were affected by termites. The civic administration later undertook extensive repairs to make the premises habitable again.After taking charge as mayor in February, Thavil took up the long-pending access issue. As she travels daily from Titwala to Kalyan, she personally held meetings with villagers and discussed their concerns. Following the resolution of the issues, the access road was finally constructed, paving the way for the mayoral residence to be used.After the road was made accessible and the neglected bungalow was completely repaired, Thavil finally entered the Adharwadi residence on Wednesday, bringing an end to the 16-year wait for the civic property to be put to its intended use.",Kalyan-Dombivli Municipal Corporation’s new mayoral residence at Adharwadi finally got its first regular occupant. Mayor Harshali Chaudhari-Thavil performed the vastu shanti puja and entered the bungalow on Wednesday.,"https://static.toiimg.com/thumb/msid-134455018,imgsize-1130025,width-400,height-225,resizemode-75/16-years-after-construction-kdmc-mayor-finally-moves-into-civic-bungalow.jpg"
11 from Malegaon arrested for stealing cellphones during immersion procession,https://timesofindia.indiatimes.com/city/pune/11-from-malegaon-arrested-for-stealing-cellphones-during-immersion-procession/articleshow/134525843.cms,"Devotees lost their cellphones to pickpockets while watching the immersion procession in Pune

Pune





: Eleven men from Malegaon in Nashik district were arrested for allegedly stealing cellphones from devotees during the Ganapati immersion procession on Friday and Saturday in Pune. Shivajinagar police recovered a sedan and 63 cellphones worth Rs 30.57 lakh from them.A team headed by deputy commissioner of police (Zone I) Krushikesh Rawale, senior inspector Girish Dhigavkar and inspector Amar Kalange arrested them from a spot off JM Road.Dhigavkar said, “Some of the arrested have cases of thefts registered against them with the Malegaon, Nashik and other police units. They came to Pune via car and bus to steal cellphones from devotees visiting the immersion procession, taking advantage of the crowd.”A large number of cellphones were reported stolen from JM Road, FC Road, PMC headquarters area, Laxmi Road, and other places. “Barring one who is a casual worker, the rest are members of a syndicate,” Dhigavkar said.The arrested suspects have been identified as Abdul Qadir Noor Mohammad (28), Abdul Malik Abdul Khaliq (22), Zia-ul Rehman Shaukat Hussain (26), Mohammad Aswad Mohammad Ajmal (31), Faisal Aziz Khan (24), Huzeifa Anjum Mohammad Sajid (30), Zubair Ahmed Mukhtar Ahmed (35), Azhar Ahmed Altaf Ahmed Momin (30), Naved Akhtar Shafiq Ahmed Ansari (33), Athar Ahmed Ejaz Ahmed (23), all residents of Malegaon, Nashik district, and Atul Maruti Ingle 24, a resident of Giroli in Washim district.","Eleven men from Malegaon in Nashik district were arrested for allegedly stealing cellphones from devotees. Shivajinagar police recovered a sedan and 63 cellphones worth Rs 30.57 lakh from them. A large number of cellphones were reported stolen from JM Road, FC Road, PMC headquarters area, Laxmi Road, and other places.","https://static.toiimg.com/thumb/msid-134525842,imgsize-4789986,width-400,height-225,resizemode-75/smartphonesjpeg.jpg"
Cybercrook dupes woman of Rs8L on word of marriage,https://timesofindia.indiatimes.com/city/pune/cybercrook-dupes-woman-of-rs8l-on-word-of-marriage/articleshow/134525625.cms,"Pune:

TOI





A 34-year-old married woman was duped of Rs8.14 lakh by a man she met on social media who promised to marry and take her abroad between Aug 27 and Sept 24.She lodged a complaint with Kalewadi police. Inspector Surendra Dhumale toldthat the accused claimed to be an NRI living abroad in their initial chats and, soon after, began asking for money under various pretexts. “The woman, who wanted to settle with him abroad, transferred money unsuspectingly whenever he asked,” he said.She ended up transferring Rs8.14 lakh to multiple bank accounts provided by the accused. “When the accused kept demanding more money, she realised she was being duped. She informed her family members and approached the police,” Dhumale said.",A 34-year-old married woman was duped of Rs8.14 lakh by a man she met on social media. He promised to marry and take her abroad between Aug 27 and Sept 24. She lodged a complaint with Kalewadi police.,"https://static.toiimg.com/thumb/msid-134525091,imgsize-1897450,width-400,height-225,resizemode-75/img_fiscal_fraud_2_1_6ul475t1jpg.jpg"
"On World Rivers Day, Pune’s river movement seek a Mula-Mutha reconnect",https://timesofindia.indiatimes.com/city/pune/on-world-rivers-day-punes-river-movement-seek-a-mula-mutha-reconnect/articleshow/134525534.cms,"Student participation has become a significant part of the approach. The foundation’s year-long river curriculum is associated with seven city schools and has reached more than 1,500 students

Pune:





A series of conservation activities and a heritage walk with students and other participants along the Mula-Mutha river system marked Jeevitnadi Living River Foundation’s world rivers day programme on Sunday.“The idea is to help people understand the river as an ecosystem and not simply as a water channel. Once people physically come to the river, they understand what is actually there and what is required, rather than deciding what they want the river to be,” said Shailaja Deshpande, founder-director, Jeevitnadi.The heritage walk at Siddheshwar Ghat traced the origin and age of the river, and how the evolution of the Mula-Mutha has shaped Pune’s growth over time. Parallel walks were held at the Ram-Mula confluence and at Vitthalwadi, where experts and volunteers guided participants through the river’s history, ecology, and the challenges it faces today.Student participation has become a significant part of the approach. The foundation’s year-long river curriculum is associated with seven city schools and has reached more than 1,500 students. Students in Classes VI to VIII attend monthly sessions, including nine indoor sessions and a field visit, with each immersive session lasting two hours.“Students learn through direct observation, scientific evidence and documentation. They look at what existed earlier, what remains and what would actually be required to restore it,” Deshpande said.College students also participate in river walks and conservation projects. “Architecture students have worked on spring boxes and ways of protecting groundwater springs. While many colleges have Green Clubs, some also have River Clubs, members of which participate in conservation efforts,” said Shubha Kulkarni, volunteer with Jeevitnadi. “The programme also brings students face-to-face with the consequences of pollution,” Kulkarni added.The foundation’s Adopt a Stretch initiative has now completed nine years. People adopt geographically defined stretches and work there every week or fortnight, going beyond clean-ups to biodiversity mapping, water-quality monitoring, groundwater-spring restoration and documenting changes to the ecosystem.“We are there on different river banks in Pune every Saturday and Sunday morning, throughout the year. on average, 10 to 15 citizens come on regular days, while special activities can bring 50 to 100 people,” said Deshpande.At Vitthalwadi, the initiative has helped restore a groundwater spring and create a wetland in an urban river stretch.During a recent activity, girls from a nearby slum settlement helped remove idols from the river. “River conservation cannot remain an awareness exercise. The connection has to translate into people spending time at the river, understanding it and taking responsibility for a stretch,” Deshpande said.","Jeevitnadi Living River Foundation’s year-long river curriculum is associated with seven city schools and has reached more than 1,500 students. Students in Classes VI to VIII attend monthly sessions, including nine indoor sessions and a field visit, with each immersive session lasting two hours.","https://static.toiimg.com/thumb/msid-134525533,imgsize-4460033,width-400,height-225,resizemode-75/dam_dl_brmzf79qjpg.jpg"
"Woman hides ₹14L jewellery, stages burglary to stop husband from selling it",https://timesofindia.indiatimes.com/city/pune/woman-hides-14l-jewellery-stages-burglary-to-stop-husband-from-selling-it/articleshow/134525317.cms,"Pimpri Chinchwad crime branch recover stolen gold jewellery

Pune:

TOI





A 35-year-old woman planned elaborate steps to ensure her husband didn’t sell her gold jewellery to raise money to buy a new house. But her ploy, which included hiding the jewellery and staging a burglary, was unsuccessful.The alleged burglary happened on Sept 25, when the family was out to participate in visarjan. The police quickly unearthed the ruse after her husband, an ex-serviceman from Dighi, lodged a complaint. They have recovered the jewellery and did not arrest the woman.Senior police inspector Santosh Kasbe of Pimpri Chinchwad crime branch toldthat they sent a team to the complainant’s house after he alleged that on Sept 25, gold jewellery worth Rs 14 lakh was stolen from his house while the family was out for Ganesh immersion in the afternoon.“There was no forced entry into the house. We checked CCTV footage and questioned neighbours, but found no clues,” Kasbe said.He said the complainant told the police that before leaving for the immersion, his wife had locked the house and handed the key to him. “We then zeroed in on the woman. During sustained questioning, she admitted to staging the burglary,” Kasbe said.The woman told the police that her husband was planning to buy a new house and wanted to sell her jewellery after Ganeshotsav to raise money.“Worried she would never see her jewellery again, the woman decided to stop her husband from selling it,” Kasbe said.On Sept 25, when everyone left home with the Ganesh idol, the woman hid her jewellery inside the house and scattered her clothes to make it seem like the room was ransacked. She left the door unlocked and gave her husband the key.“When they returned home, they found the door open and the jewellery missing. The woman’s husband then lodged a complaint,” Kasbe said. “The family can collect the jewellery from Dighi police station,” he said.","The 35-year-old woman planned elaborate steps to ensure her husband didn’t sell her gold jewellery to raise money to buy a new house. The alleged burglary happened on Sept 25, when the family was out to participate in visarjan. Her husband, an ex-serviceman from Dighi, lodged a complaint.","https://static.toiimg.com/thumb/msid-134525316,imgsize-154624,width-400,height-225,resizemode-75/img-20260927-wa0051jpg.jpg"
