Article Title,Article Link,Article Text,Article Summary,Article Image
"Police were helpless, people feared mafia before 2017: UP CM Yogi",https://timesofindia.indiatimes.com/india/police-were-helpless-people-feared-mafia-before-2017-up-cm-yogi/articleshow/134614978.cms,"Uttar Pradesh Chief Minister Yogi Adityanath spoke about the state's challenges and police issues before 2017.

Join conversation View All Comments → Share your thoughts in the comments Insightful Agree Disagree Skeptical Concerning Promising Worth Reading Big Development Post Comment Be respectful · TOI community guidelines

NEW DELHI: Uttar Pradesh chief minister Yogi Adityanath on Thursday said that before BJP came into the power in the year 2017, people of UP were disturbed and troubled by the influence of mafia and the police were unable to help the people of the state because they were helpless.The state has experienced a lot of challenges on every front, CM Yogi stated this while attending a flag off ceremony of 87 Interceptor Vehicles equipped with advanced equipment.""It was the most populous state yet lagged in the economy, recruitment, the adoption of emerging technologies, and the implementation of welfare schemes. Before 2017, people would immediately dismiss someone simply by labelling them UP-wala. We acknowledge the challenge the police faced; after all, if the political leadership lacks the resolve to make decisions, how can the law and order situation be set right. People would grovel and kneel before the mafia, and the police were helpless,"" CM stated.Yogi Adityanath said the state has been freed from policy stagnation under his leadership.""Since 2017, casting aside that despair and rescuing the state from policy paralysis, we have successfully steered it toward progress.I can now state that we have implemented police reforms...we have installed over 14 lakh cameras in cities...Integrated Command and Control Centres have been established in every district, creating a new identity for them. Furthermore, the objective regarding 'Safe City' traffic initiatives—specifically the deployment of interceptor vehicles—has been realised,"" he said.UP congress president Ajay Rai visited Gorakhpur to have meeting with the owner of a beauty parlour in Betiahata, whose stocks were submerged due to three days of continuous rain and waterlogging.He stated, ""The entire region of Gorakhpur is suffering today, I visited a poor family where a woman is running a beauty parlor on borrowed money to support herself and her family.""Congress president, Rai wanted the immediate compensation for the lady, who was affected and the proper action should be taken against the officials, who were responsible for the mismanagement, he added.Rai also wanted an apology to the residents of Gorakhpur from the UP chief minister, Yogi Adityanath.",Yogi Adityanath said the state has been freed from policy stagnation under his leadership. UP congress president Ajay Rai visited Gorakhpur to have meeting with the owner of a beauty parlour whose stocks were submerged due to three days of continuous rain and waterlogging.,"https://static.toiimg.com/thumb/msid-134615020,imgsize-78333,width-400,height-225,resizemode-4/uttar-pradesh-chief-minister-yogi-adityanath-spoke-about-the-states-challenges-and-police-issues-before-2017.jpg"
'Indomitable bravery’: Indian Flydubai pilot Smit Machchhar to be awarded ‘Visisht Gujarat Garima Award’,https://timesofindia.indiatimes.com/india/indomitable-bravery-indian-flydubai-pilot-smit-machchhar-to-be-awarded-visisht-gujarat-garima-award/articleshow/134613847.cms,"Smit Machhar has been hailed by PM modi, Netanyahu and Trump

Join conversation View All Comments → Share your thoughts in the comments Insightful Agree Disagree Skeptical Concerning Promising Worth Reading Big Development Post Comment Be respectful · TOI community guidelines

NEW DELHI: The Gujarat government on Thursday announced that they will award Indian pilot Smit Machchhar with the 'Visisht Gujarat Garima Award' for fighting his copilot who allegedly planned to crash the plane that was flying from Dubai to Tel Aviv.Captain Smit Machchhar was stabbed by his Omani co-pilot while fighting him in the cockpit, but fought back and was severely injured. The plane made an emergency landing in Saudi Arabia with all the passengers safe.""The courage of Captain Smit Machchhar, the pilot of the flight headed to Israel, is being saluted by the entire world today. Despite being drenched in blood due to the attack, he displayed indomitable bravery to save the lives of 174 passengers—a feat that is profoundly inspiring and commendable,"" said Gujarat CM Bhupendra Patel on X.""This valiant son of Gujarat has illuminated the name of Gujarat and the nation across the globe through his heroism. The Gujarati spirit flowing in his veins fills us all with immense pride. To honor his extraordinary act of bravery and humanity, the Government of Gujarat will bestow upon Captain Smit Machhar the 'Visisht Gujarat Garima Award',"" he added.Further praying for his swift recovery, the CM said, ""The empathy and prayers of the nation's citizens are with Captain Smit Machchhar.""Captain Smit Machchhar has been hailed for his courage after being stabbed by his Omani co-pilot during the Dubai-Tel Aviv flight, with Prime Minister Narendra Modi, Israeli Prime Minister Benjamin Netanyahu and US President Donald Trump among those praising his actions. PM Modi said Machchhar had shown “remarkable patience, presence of mind, and courage” and described him as a “HERO”, saying his valour helped save hundreds of lives and avert a major tragedy.Netanyahu also saluted Machchhar for his “extraordinary bravery”, saying that despite being stabbed and seriously injured, he fought back, opened the cockpit door and enabled passengers and crew to overpower the attacker. Trump similarly called the Indian pilot “a hero”, saying that even while badly wounded, Machchhar managed to open the cockpit door and call for help.Read more: PM Modi heaps praise on flydubai pilot Captain Machchhar Captain Smit Machchhar, a Mumbaikar from Ghatkopar, is a commercial pilot who trained in New Zealand for his commercial pilot licence and later completed his Boeing 737 type rating at FSTC in Manesar, Gurgaon. He worked with SpiceJet for about a decade before joining flydubai in 2022.Machchhar, who is in his mid-30s, comes from a family with aviation ties, with his brother also working as a flydubai pilot. Friends and former colleagues describe him as a calm, decent and hardworking professional who was always willing to learn. He is currently recovering after being injured in the cockpit attack.Read more: How Indian pilot Smit Machchhar stopped Omani co-pilot from crashing plane","Captain Smit Machchhar was stabbed by his Omani co-pilot while fighting him in the cockpit, but fought back and was severely injured. The plane made an emergency landing in Saudi Arabia with all the passengers safe. Gujarat CM Bhupendra Patel: ""This valiant son of Gujarat has illuminated the name of Gujarat and the nation across the globe""","https://static.toiimg.com/thumb/msid-134614280,imgsize-64788,width-400,height-225,resizemode-4/smit-machhar.jpg"
Watch: DYFI activists allegedly attack Kerala minister OJ Janeesh’s car in Kannur,https://timesofindia.indiatimes.com/india/watch-dyfi-activists-allegedly-attack-kerala-minister-oj-janeeshs-car-in-kannur/articleshow/134613716.cms,"Visuals of the attack by DYFI workers on the car carrying Minister O. J. Jeneesh

NEW DELHI: Kerala minister OJ Janeesh’s vehicle was allegedly attacked by members of the Democratic Youth Federation of India (DYFI) during a protest in Kannur on Thursday.The incident took place while the minister was travelling to Kasaragod after attending a programme organised in connection with the Archaeology Department. DYFI activists reportedly stopped the vehicle during the protest.A video of the incident purportedly showing DYFI activists surrounding the minister’s vehicle has surfaced. Protesters can be seen crowding around the vehicle and hitting it as the car remains surrounded by the group.The Youth Congress alleged that stones were used to attack the car. People accompanying the minister said the vehicle’s flagpole and rain guard were damaged in the incident.Janeesh is the state minister for Sports, Archaeology and Museums.The exact reason for the protest and details of any police action in connection with the incident were not immediately available.",Kerala minister OJ Janeesh’s vehicle was allegedly attacked by members of the Democratic Youth Federation of India (DYFI) The incident took place while the minister was travelling to Kasaragod after attending a programme organised in connection with the Archaeology Department.,"https://static.toiimg.com/thumb/msid-134613757,imgsize-14911302,width-400,height-225,resizemode-4/visuals-of-the-attack-by-dyfi-workers-on-the-car-carrying-minister-o-j-jeneesh.jpg"
Chita Andolan is back: Why are Madhya Pradesh's Panna villagers protesting against Ken-Betwa project,https://timesofindia.indiatimes.com/india/chita-andolan-is-back-why-are-madhya-pradeshs-panna-villagers-protesting-against-ken-betwa-project/articleshow/134611689.cms,"MP dam project: Protesters brave rain and waterlogging for 20th day

What is happening in Madhya Pradesh's Panna?

Several women and other protesters had fallen ill after staying in water and rain for several days, with some suffering from wounds on their feet and other skin-related problems. (ANI photo)

So why are the protesters back?

For thousands of tribal families living in the path of the project, it has become a battle over land, forests, livelihoods and identity.

Affected families have staged some of the country's most striking demonstrations, standing waist-deep in river water, laying beside symbolic funeral pyres and even climbed symbolic gallows.

Join conversation View All Comments → Share your thoughts in the comments Insightful Agree Disagree Skeptical Concerning Promising Worth Reading Big Development Post Comment Be respectful · TOI community guidelines

'Ken-Betwa River Linking Project' is India's first river-linking initiative aimed to transform the drought-prone Bundelkhand region through irrigation, drinking water supply and power generation.

What is the project aiming to accomplish?

Remember the unnerving visuals from Chita Andolan in Madhya Pradesh? Displaced Tribals sleeping on pyres, standing in water for their compensation. The unique protest is back and in its 20th day with agitators battling rain, waterlogging, lathicharge and general apathy by the authorities.Activist Amit Bhatnagar, Jai Kisan Sangathan leader, who has been on a hunger strike for the past four days, was arrested on Wednesday as protesters demonstrated chita, jal, sooli, mitti, bhook (pyre, water, gallows, soil, hunger) other forms of satyagraha.Bhatnagar accused the Panna administration of suppressing the agitation by lathicharging protesters, including women.Speaking to TOI before his arrest, Bhatnagar said, ""For the past three days, the police have been bringing along people dressed in plain clothes, who misbehaved with women, entered their homes and even took away people’s phones which have still not been returned. When we approach the police, they ask who took the phones. How are people supposed to identify every face and find out who took them?""""There is an atmosphere of fear in the villages. If we say anything, they start resorting to lathi-charge and filing false cases against the protesters,"" he added.“I am courting arrest because democracy is being murdered. Are we not even allowed to protest peacefully? We are putting ourselves through hardship to raise our concerns, but instead of listening to us, they have cut off the electricity and water. Even the British never did this. ”The latest protest follows a 15-day agitation in July, led largely by tribal women, after which the administration had assured protesters that eligible and genuinely displaced families would be transparently included in compensation and rehabilitation lists.However, the protesters claimed that they did not get the promised compensation. Also, their houses were now inundated, with two to three feet of water entering homes in several villages which now stand waterlogged including Mandalia, Tapariya and Kuwarpur.""The families whose houses have been submerged are so poor that they have been forced to continue living there, or put up one makeshift shelter next to another, and then another. Earlier, the water would rise by half a foot at a time. But this time there was heavy rain on the 26th and 27th of September, followed by a 24-hour red alert, leaving them with no time to move. The villages turned into islands,” said Bhatnagar.The protesters claim that the compensation process remains incomplete, with several families receiving only Rs 5 lakh despite the government announcing a Rs 12.5-lakh package.They are also opposing the compensation conditions, which makes several tribals ineligible for relief.“The cut-off date under Section 11 has been set as 2018, which means people who are now 25-26 years old have received nothing. Those who are older are getting only Rs 5 lakh. What are families with eight or 10 children supposed to do?"" asked Bhatnagar, adding that they were not against development projects, but that this development should not come at the cost of the rights of tribals.Bhatnagar pointed to Section 38 of the Right to Fair Compensation and Transparency in Land Acquisition, Rehabilitation and Resettlement Act, 2013, which he said raised concerns about any displacement or submergence taking place before compensation and rehabilitation obligations had been fulfilled.“Villages and homes are now submerged. Houses have started collapsing and water has entered them. Yet, Section 38 of the 2013 law says that compensation for an irrigation project should be paid six months before submergence. If the houses were submerged two months ago, compensation should have been paid eight months earlier,” he said.The authorities, on the other hand, claim that they have been conducting fresh surveys and distributing compensation to affected families. TOI reached out to Chhatarpur district magistrate and is still awaiting a response from the administration.The Majhgawan dam project aims to transfer surplus water from Ken river to Betwa through the Daudhan Dam, a network of tunnels and a 221-km canal. It is supposed to address water shortages in drought-prone Bundelkhand region that spans across Madhya Pradesh and Uttar Pradesh.The project traces back to a plan introduced in 1980 and cleared in 2021 to connect the rivers. Prime Minister Narendra Modi laid its foundation stone in December 2024.The project is expected to improve agricultural output, curb migration and strengthen groundwater recharge through the revival of traditional Chandela-era ponds.","Tribal families living in the path of the project have staged some of the country's most striking demonstrations. The protest is back and in its 20th day with agitators battling rain, waterlogging, lathicharge and general apathy by the authorities.","https://static.toiimg.com/thumb/msid-134613255,imgsize-2402322,width-400,height-225,resizemode-4/chita-andolan.jpg"
‘Many are in contact’: Akhilesh claims BJP alliance MLAs in touch with SP ahead of Rajya Sabha polls,https://timesofindia.indiatimes.com/india/many-are-in-contact-akhilesh-claims-bjp-alliance-mlas-in-touch-with-sp-ahead-of-rajya-sabha-polls/articleshow/134593117.cms,"File photo: Samajwadi Party National President Akhilesh Yadav (Picture credit: PTI)

SP sticks to alliance, winnability formula

Rajya Sabha contest heats up

Yadav defends Nathwani candidature

Sugarcane payments and Raebareli remarks

Join conversation View All Comments → Share your thoughts in the comments Insightful Agree Disagree Skeptical Concerning Promising Worth Reading Big Development Post Comment Be respectful · TOI community guidelines

NEW DELHI: Samajwadi Party chief Akhilesh Yadav on Wednesday claimed that several MLAs from the ruling BJP-led alliance in Uttar Pradesh are in contact with his party ahead of the Rajya Sabha elections, while saying the SP would not make commitments it could not honour.“There are many who are in contact. But how do we adjust them? We do not want to make a promise and then go back on it,” Yadav said at a press conference at the SP office.The remarks came as the SP formally entered the Rajya Sabha contest in Uttar Pradesh, with party candidates Professor Ram Gopal Yadav and Dhanraj Parimal Nathwani filing their nomination papers. Akhilesh Yadav accompanied both candidates during the filing.Asked about the party's plans for next year's Uttar Pradesh Assembly polls, Yadav said the alliance that existed earlier would continue. On seat-sharing, he reiterated that the SP would use winnability as the basis for deciding which party contests a seat.“The SP has said this earlier and I am saying it again -- winnability is the basis for a seat,” he said.The Election Commission has announced that polling for 11 Rajya Sabha seats, 10 from Uttar Pradesh and one from Uttarakhand, will be held on October 16.The terms of the sitting members from the two states are due to expire on November 25.Yadav said the democratic system requires representatives to be elected by the people and lawmakers to subsequently elect members of the Upper House.“Democracy should not have dishonesty. Had the BJP not indulged in dishonesty, the SP would have had three Rajya Sabha MPs,” he said, referring to the previous Rajya Sabha election in which SP candidate Alok Ranjan lost after cross-voting.Yadav said the SP was now urging MLAs to use the opportunity to “wash away the past”.Uttar Pradesh deputy chief minister Keshav Prasad Maurya , however, claimed that 25 SP MLAs were in touch with the BJP.“We will surprise them. 25 of their MLAs are in touch with us,” Maurya said, according to news agency ANI.His remarks came after the SP announced Ram Gopal Yadav and Nathwani as its two candidates.Uttar Pradesh minister and Suheldev Bharatiya Samaj Party chief Om Prakash Rajbhar also questioned whether the SP's candidates reflected its PDA — Pichhada, Dalit and Alpashankhyak — formulation.He cautioned the party against attempting to secure a third seat at the risk of losing its second.Defending the nomination of industrialist Dhanraj Parimal Nathwani, Yadav said he was pleased that the SP had the opportunity to send a representative of the younger generation and a “new way of thinking” to the Rajya Sabha.“The SP has decided to connect with the industrial sector and therefore, to make someone associated with the industry its Rajya Sabha member,” he said.Responding to criticism over backing an industrialist, Yadav said, “I think you should read about socialism again. I will give you a book by (Ram Manohar) Lohia.”He said socialist thought also focused on prosperity and equality and argued that governments across the country seek investment to drive economic growth.Yadav said the SP wanted to promote industries and employment in Uttar Pradesh, adding that the party would support those who contribute to economic growth, farmer employment and jobs for young people.Yadav also promised that sugarcane growers would receive pending payments within 24 to 48 hours if the SP formed the government in Uttar Pradesh. He said the party's election manifesto would include several measures for farmers.On his recent visit to Raebareli and allegations of police misconduct involving SP MLA Rahul Lodhi, Yadav questioned how police could behave in such a manner with an elected representative.“How can police behave like this with an elected representative?” he asked.He also said, “This time, it will be Lodhi versus (Uttar Pradesh Chief Minister) Yogi (Adityanath).”Yadav further said Uttar Pradesh's proposed target of becoming a USD 1-trillion economy could not be achieved through corruption, saying, “A USD-1-trillion economy will not be built through theft of offerings.”He also said the SP would continue to focus on farmers, recalling former prime minister Chaudhary Charan Singh and farmer leader Mahendra Singh Tikait.","Samajwadi Party chief Akhilesh Yadav claims several MLAs from ruling BJP-led alliance in Uttar Pradesh are in contact with his party. Yadav says the SP would not make commitments it could not honour. Election Commission has announced that polling for 11 Rajya Sabha seats, 10 from Uttar Pradesh and one from Uttarakhand, will be held on October 16.","https://static.toiimg.com/thumb/msid-134593915,imgsize-64806,width-400,height-225,resizemode-4/akhilesh-yadav-on-up-rajya-sabha-polls.jpg"
‘India is proud’: PM Modi lauds Flydubai pilot Machchhar after cockpit attack,https://timesofindia.indiatimes.com/india/captain-smit-machchhar-is-a-hero-pm-modi-hails-pilot-who-saved-180-lives/articleshow/134605891.cms,"PM Modi praises Captain Smit Machchhar as ‘hero’ after Flydubai cockpit altercation

Join conversation View All Comments → Share your thoughts in the comments Insightful Agree Disagree Skeptical Concerning Promising Worth Reading Big Development Post Comment Be respectful · TOI community guidelines

NEW DELHI: Prime Minister Narendra Modi on Thursday hailed Captain Smit Machchhar as a “HERO” for his courage in protecting passengers despite being seriously injured during an altercation in the cockpit of a flydubai flight travelling from Dubai to Tel Aviv.“In the face of the gravest danger and despite being seriously injured, he showed immense courage and an unwavering resolve to protect the lives of others,” PM Modi said in a post on X.“His valour helped save hundreds of lives and avert a great tragedy. India is proud of Captain Machchhar. Praying for his speedy recovery, renewed strength and good health.”Flydubai confirmed that flight FZ1073, travelling from Dubai International Airport to Ben Gurion Airport, experienced an incident and landed safely in Tabuk, Saudi Arabia.Also read: Flydubai flight drama: How Indian pilot Smit Machchhar stopped Omani co-pilot from crashing plane The incident involved an altercation between the pilots while the aircraft was travelling from Dubai to Tel Aviv. An Israeli official told AP that one of the pilots was armed with a knife, while Reuters reported that the co-pilot was believed to have stabbed the captain before cabin crew entered the cockpit.The captain and first officer were injured and taken to hospital, according to Tabuk airport authorities cited by Saudi state television.Israeli Prime Minister Benjamin Netanyahu said the evidence indicated that one pilot had stabbed the other and apparently attempted to crash the aircraft.Publicly available flight-tracking data showed that the aircraft transmitted an emergency alert around two-and-a-half hours after departing Dubai. It subsequently dropped sharply from about 33,000 feet to 17,000 feet within roughly a minute before making an erratic turn near the Jordanian border.The circumstances surrounding the cockpit altercation remain under investigation.","PM Modi praises Captain Smit Machchhar as ‘hero’ after Flydubai cockpit altercation. PM Modi: “His valour helped save hundreds of lives and avert a great tragedy. India is proud of CaptainMachchhar. Praying for his speedy recovery, renewed strength and good health”","https://static.toiimg.com/thumb/msid-134605900,imgsize-77680,width-400,height-225,resizemode-4/file-photo.jpg"
Flydubai flight drama: How Indian pilot Smit Machchhar stopped Omani co-pilot from crashing plane,https://timesofindia.indiatimes.com/india/flydubai-flight-drama-how-indian-pilot-smit-machchhar-stopped-omani-co-pilot-from-crashing-plane/articleshow/134597514.cms,"The captain has years of experience and was a SpiceJet pilot till 2022

What happened inside the cockpit

Join conversation View All Comments → Share your thoughts in the comments Insightful Agree Disagree Skeptical Concerning Promising Worth Reading Big Development Post Comment Be respectful · TOI community guidelines

Flydubai confirms incident

NEW DELHI: An Indian pilot has been identified as the captain who helped prevent a flydubai passenger plane from crashing after his co-pilot allegedly tried to take control of the aircraft during a flight from Dubai to Tel Aviv, according to Israeli media reports and an Israeli journalist.The Indian pilot has been identified as Captain Smit Machchhar, based in Dubai, who intervened to stop his Omani co-pilot allegedly trying to take control of the aircraft and crash it.The Indian captain was stabbed repeatedly and drenched in blood, according to various witness reports and officials.Machchhar is an experienced commercial pilot with more than 13 years of flying experience on Boeing 737 aircraft. He has been a captain with flydubai since June 2022, having previously spent 11 years with SpiceJet, where he served as a senior commander and Line Training Captain.During his time at SpiceJet, Machchhar reportedly flew more than 9,500 hours, including over 6,400 hours as pilot-in-command, and served as a Line Training Captain from November 2020 to June 2022. His experience includes pilot training and mentoring, crew resource management, flight standards and compliance, and B737 NG and MAX operations.The incident unfolded aboard flydubai Flight FZ1073 on Wednesday, with the Boeing 737 sending emergency signals before making an emergency landing in Tabuk, Saudi Arabia. The flight was carrying around 180 Israeli passengers, all of whom were reported safe.Also read: Passengers recall harrowing ordeal on flight that nearly crashed The flight from Dubai to Tel Aviv was flying over Jordan when it transmitted an emergency signal, followed by another signal indicating possible unlawful interference.Israeli officials said the emergency signals followed a physical altercation between the two pilots. Reuters reported that the co-pilot was believed to have stabbed the captain before cabin crew entered the cockpit. Both pilots were later hospitalised after the aircraft landed in Tabuk.Israeli media reports said the suspected attacker attempted to take control of the aircraft and force it into a descent. Passengers reportedly heard screaming and saw blood inside the cockpit.Flight-tracking data showed the aircraft plunging rapidly from around 34,000 feet to about 20,000 feet, with Reuters reporting a drop of nearly 14,000 feet in less than 30 seconds before the aircraft stabilised.The aircraft was initially treated as a possible hijacking, prompting Israeli fighter jets to be scrambled. The Israeli prime minister's office later said the incident was not believed to have been a hijacking.Israeli media reports have described the incident as a possible attempted suicide or deliberate crash, while Israeli officials cited by Reuters said they were assessing it as a possible attempted ""terror attack"". Reuters also reported that officials did not believe the incident was related to a mental-health issue.Later, Israeli Prime Minister Benjamin Netanyahu said the pilots became involved in a physical altercation as the flight approached Israel. “During the flight as they approached the country one of the pilots stabbed the other pilot,” Netanyahu said in a video address.“Apparently he tried to crash the plane with its occupants.” Netanyahu added “almost all” passengers were Israelis, with some passengers and crew members breaking into the cockpit and subduing the attacker. “I spoke with one of the Israeli passengers. He told me that the plane went into a spin and began to dive. He told me that somehow he managed to break into the cockpit with one of the crew members and together they neutralized the stabbing pilot while he was trying to sabotage the aircraft’s systems,” Netanyahu said. “Another air crew that was on the plane entered the cockpit and managed to stabilize the plane,” he added. He also praised those who intervened, saying: “I salute these heroes who showed exceptional resourcefulness and courage.They saved many lives and prevented a major disaster.”Also read: Israel security minister on flydubai cockpit incident Flydubai has confirmed that Flight FZ1073 experienced an incident during its journey from Dubai to Tel Aviv and diverted to Tabuk, where it landed safely.""Our teams are working closely with the relevant authorities. Further updates will be issued as additional confirmed details become available,"" the airline said.Read more: Passenger's mother says pilot tried to kill co-pilot on Flydubai flight The airline has not publicly confirmed the identities or nationalities of the pilots or provided details about what happened inside the cockpit.The investigation is continuing, with Israeli authorities examining the circumstances of the cockpit confrontation, the alleged attempt to take control of the aircraft and the security clearance given to the crew.","Indian pilot identified as Captain Smit Machchhar, based in Dubai. He intervened to stop his Omani co-pilot allegedly trying to take control of the aircraft and crash it. The Indian captain was stabbed repeatedly and drenched in blood, according to various witness reports and officials.","https://static.toiimg.com/thumb/msid-134598069,imgsize-66000,width-400,height-225,resizemode-4/flydubai-incident.jpg"
Captain Machchhar: The pilot from Mumbai who proved to be the hero,https://timesofindia.indiatimes.com/india/captain-machchhar-the-pilot-from-mumbai-who-proved-to-be-the-hero/articleshow/134602233.cms,"(@IsraelMFA/X) 'Despite being severely injured, he managed to unlock the cockpit door - allowing Israeli passengers and the Emirati crew to intervene and save all the passengers' said Israel's foreign ministry

Join conversation View All Comments → Share your thoughts in the comments Insightful Agree Disagree Skeptical Concerning Promising Worth Reading Big Development Post Comment Be respectful · TOI community guidelines

Poll Vote & Share your view What do you think is the most important quality for a pilot in emergencies? Decision-making Calmness under pressure Physical strength 3k+ users shared opinion today 5k+ users already voted today 3k+ users shared opinion today Share Opinion

NEW DELHI: A Mumbaikar who completed his pilot training in Gurgaon, Captain Smit Machchhar, has emerged as the hero who helped save the lives of over 180 people on board flydubai’s Dubai-Tel Aviv flight. Attacked by his Omani national co-pilot, the captain, who hails from Ghatkopar and is learnt to be in mid 30s, he managed to both fight off the assailant and regain control of the aircraft despite being injured.Displaying a crucial presence of mind in most sudden and severe circumstances, he managed to save the plane from plunging — something the Boeing 737 MAX was very close to at that point of time. According to tracking site Flightradar24, the plane (A6-FKF) operating as FZ 1073 had dropped over 14,000 feet (about 4.3 km) from 30,875 feet to 16,750 feet in just 29 seconds. “Flightradar24 data recorded an extreme descent rate of approximately 30,000 feet per minute.Also read: Flydubai flight drama: How Indian pilot Smit Machchhar stopped Omani co-pilot from crashing planeE For this flight which had 174 passengers of whom 166 were Israeli citizens, Israeli Prime Minister Benjamin Netanyahu said in a video address: “During the flight as they approached the country one of the pilots stabbed the other pilot. Apparently he tried to crash the plane with its occupants.”Captain Smit Machchhar managed to save the aircraft from a fatal plunge at this crucial time.Just as he stabilised the aircraft, crew members opened the cockpit door and managed to overpower the assailant co-pilot. FZ 1073 had two more pilots travelling as passengers who were to operate the aircraft back to Dubai from Tel Aviv. Once the situation in the flight deck was controlled, these two pilots took over the aircraft and safely diverted it to Saudi Arabia’s Tabuk with its rudder — used for directional control — getting detached during the sharp plunge.A flydubai spokesperson confirmed that “an altercation occurred” in the flight deck.Captain Machchhar, who worked in SpiceJet for about a decade till 2023, is learnt to be stable. Multiple friends and colleagues remember him as a “great guy” and are praying for his recovery. “He did his commercial pilot licence (CPL) training from New Zealand and then his type rating on the Boeing 737 at FSTC in Manesar (Gurgaon). He is a very decent and sober person ever willing to learn. There is not a single negative thing that I can recall about him,” said a senior pilot who trained him. Smit’s brother is also a pilot who flies for flydubai.","Captain Smit Machchhar, who hails from Ghatkopar and is learnt to be in mid 30s, managed to both fight off the assailant and regain control of the aircraft. Despite being severely injured, he managed to unlock the cockpit door - allowing Israeli passengers and Emirati crew to intervene and save all the passengers.","https://static.toiimg.com/thumb/msid-134602280,imgsize-840195,width-400,height-225,resizemode-4/captain-smit-machchhar-flydubai-pilot.jpg"
'A true hero': Netanyahu 'salutes' Indian pilot who stopped Omani co-pilot from crashing Flydubai plane,https://timesofindia.indiatimes.com/india/a-true-hero-netanyahu-salutes-indian-pilot-who-stopped-omani-co-pilot-from-crashing-flydubai-plane/articleshow/134601907.cms,"Machchhar, an Indian national based in Dubai, was reportedly stabbed and severely wounded during the incident. According to Israeli reports, he intervened after an alleged attempt to crash the aircraft.

Indian pilot stable in Saudi hospital

Netanyahu meets passengers after return to Israel

Passenger says he helped pull attacker from controls

Other passengers recount intervention

Flight diverted to Tabuk, passengers flown back

Israel scrambled fighter jets

Flydubai confirms incident

What happened on the flight

Security investigation underway

Join conversation View All Comments → Share your thoughts in the comments Insightful Agree Disagree Skeptical Concerning Promising Worth Reading Big Development Post Comment Be respectful · TOI community guidelines

NEW DELHI: Israeli Prime Minister Benjamin Netanyahu on Wednesday praised Indian flydubai pilot Captain Smit Machchhar for his bravery after he was seriously injured in a cockpit altercation that forced a Dubai-Tel Aviv flight to make an emergency landing in Saudi Arabia. Netanyahu met passengers after they returned to Israel and said the actions of Machchhar, passengers and crew had helped avert a major disaster.“My salute to the Indian pilot Captain Smit Machchhar for his extraordinary bravery. Despite being stabbed and seriously injured, he fought back, resisted, opened the cockpit door, and enabled passengers and crew to overpower the attacker — preventing a catastrophic mid-air disaster,” Netanyahu said in a post.“He saved the lives of 174 people, including Israeli citizens and other nationals. I wish Captain Machchhar a speedy and full recovery. He is a true hero,” he said.The Indian Embassy in Riyadh said Machchhar was receiving treatment at a hospital in Tabuk and was in stable condition.“Our Embassy in Riyadh and Consulate in Jeddah have been following the health condition of Mr Smit Machchhar, the brave Indian pilot of Flydubai flight that was diverted to Tabuk today,” it said in a post on X.“A full update on his health is awaited but he is reported to be in stable condition,” the embassy said, adding that it was in contact with his family and Saudi authorities.The embassy said it would continue to follow up on his health and provide all possible assistance for his wellbeing.Netanyahu met passengers after a rescue flight carrying around 180 people, most of them Israelis, landed at Ben Gurion International Airport.Describing the episode as an “extremely serious security incident”, Netanyahu praised the passengers and crew members who intervened during the flight. He said they had shown “exceptional resourcefulness and courage” and “saved many lives” by preventing what he described as a major disaster.Netanyahu also said the pilot accused of attacking the other pilot had been arrested and was being interrogated by Saudi authorities.Israeli passenger Yaniv, who was among those who intervened, later told Netanyahu that he entered the cockpit and found the alleged attacker at the aircraft's controls.“When I went in, I saw the terrorist on the controls, between the two seats. There were no pilots in the seats,” Yaniv said, according to The Times of Israel.He said he pulled the man away from the controls and called on other passengers to restrain him. When he realised the aircraft was tilting sharply, Yaniv said he returned to the cockpit and pulled back on the controls until the aircraft began to level out.He said he knew what to do because “I watch Mayday”, referring to the aviation accident documentary series.“The plane started leveling out a little more, and then the pilot told me he was taking over from there,” he said.Another passenger, Tzika Manes, told Israel's Channel 12 that he and two other Israeli passengers helped subdue the alleged attacker.Manes said his wife had heard screams and sounds of a struggle near the cockpit and alerted a flight attendant. He said passengers were thrown around the cabin as the aircraft lost altitude.The three passengers eventually restrained the alleged attacker using corded headphones, with the effort taking around 20 to 25 minutes, according to Manes.A doctor travelling on the flight also helped treat the injured pilot, he said.The flydubai flight was diverted to Tabuk in north-western Saudi Arabia and made an emergency landing there.The passengers were subsequently flown back to Israel on a rescue flight. The Israel Airports Authority had earlier set up a dedicated waiting and information area at Ben Gurion Airport for relatives of those on board.Netanyahu's office said the situation had been brought under control and that Israeli authorities were working to ensure the passengers' safe return.Israel scrambled fighter jets after concerns that the aircraft could have been hijacked, according to reports citing Israeli officials.The incident prompted security consultations in Israel, while authorities maintained contact with Saudi officials over the passengers and the investigation.An Israeli official described the episode as a “severe disaster” that had been averted.Flydubai confirmed that flight FZ1073, travelling from Dubai International Airport to Ben Gurion Airport, had experienced an incident and landed safely in Tabuk.“Our teams are working closely with the relevant authorities,” the airline said.The airline did not provide details of the cockpit altercation.The incident involved an altercation between the pilots while the aircraft was travelling from Dubai to Tel Aviv.An Israeli official told AP that one of the pilots was armed with a knife. Reuters reported that the co-pilot was believed to have stabbed the captain before cabin crew entered the cockpit.The captain and first officer were injured and taken to hospital, according to Tabuk airport authorities cited by Saudi state television.Netanyahu said the evidence indicated that one pilot had stabbed the other and apparently attempted to crash the aircraft.Publicly available flight-tracking data showed that the aircraft transmitted an emergency alert around two-and-a-half hours after departing Dubai and subsequently dropped sharply from about 33,000 feet to 17,000 feet within roughly a minute before making an erratic turn near the Jordanian border.The circumstances of the cockpit altercation remain under investigation.Saudi authorities are questioning the alleged attacker, while Israeli authorities are examining the security implications of the incident and are expected to question passengers after their return.Transport minister Miri Regev asked Israel's Civil Aviation Authority to investigate what she described as an alleged violation of the aviation agreement between Israel and the UAE. She also called for flydubai flights to Israel to be suspended.Israeli media reported that Machchhar was of Indian origin and that the other pilot was reportedly Omani. Those nationality details had not been independently confirmed by flydubai.Reports also said a second team of pilots in civilian clothes was aboard the aircraft and helped prevent one of the pilots from taking control, though that detail had not been independently confirmed.The investigation remains underway, with flydubai saying it is working with the relevant authorities.","Captain Smit Machchhar, an Indian national based in Dubai, was reportedly stabbed and severely wounded during the incident. According to Israeli reports, he intervened after an alleged attempt to crash the aircraft. Israel scrambled fighter jets after concerns that the aircraft could have been hijacked, according to reports.","https://static.toiimg.com/thumb/msid-134602009,imgsize-1807006,width-400,height-225,resizemode-4/netanyahu-on-indian-flydubai-pilot.jpg"
'Certificate not needed’: JD(U)’s sharp reply to Sonia Gandhi on Nitish,https://timesofindia.indiatimes.com/india/certificate-not-needed-jdus-sharp-reply-to-sonia-gandhi-on-nitish/articleshow/134598160.cms,"Join conversation View All Comments → Share your thoughts in the comments Insightful Agree Disagree Skeptical Concerning Promising Worth Reading Big Development Post Comment Be respectful · TOI community guidelines

NEW DELHI: Janata Dal (United) on Wednesday launched a sharp attack against veteran Congress leader Sonia Gandhi after she reportedly criticised Nitish Kumar for leaving the opposition alliance. Union minister Rajiv Ranjan Singh said that the former Bihar chief minister ""does not need Sonia's certificate"" and his work over the past 20 years speaks for itself.""We do not wish to react to the remark Sonia Gandhi made about Nitish Kumar because Nitish Kumar does not need Sonia Gandhi's certificate... Nitish Kumar has served the people of Bihar for 20 years on the strength of his work and has transformed the picture of Bihar. Today, he is discussed not only across the entire country but also in the world""""When Nitish Kumar was in the INDI Alliance for a few days, he had said in it that the INDI Alliance should pass a proposal for a caste-based census, but on Mamata Banerjee's insistence, Sonia Gandhi said that there is no need for this,"" Singh claimed.This comes after media reports claimed that Sonia Gandhi rejected Digvijay Singh remarks in the Congress Working Committee meeting on Tuesday after he said that INDIA bloc should not have let Nitish leave in 2024.According to the reports, Sonia claimed that Nitish was bound to leave the alliance and his bid to become a INDIA bloc's convenor was merely a charade.Meanwhile, JD(U) working president Sanjay Kumar Jha said that Digvijay Singh's remarks show that Congress realised Nitish's important, although late.""Congress has realised the importance of Nitish Kumar. The people of the country and Bihar already knew this. Nitish ji's work is in the public domain and the truth is that, albeit late, Congress has now understood this,"" Jha said.Nitish Kumar, then Bihar chief minister, quit the INDIA bloc on January 28, 2024, and returned to the BJP-led NDA.Reports at the time suggested that Nitish was increasingly unhappy with his treatment within the opposition alliance, particularly by the Congress. His discontent deepened after Mamata Banerjee and Arvind Kejriwal proposed Congress president Mallikarjun Kharge as the chairman of the INDIA bloc and as its possible prime ministerial face for the 2024 Lok Sabha elections.""I was hurt. I left the INDIA alliance. I have been working hard to make a successful, meaningful (INDIA) alliance, but no one else (in the alliance) has been doing anything... I was making an all-out effort to make the INDIA bloc running, but I received no response.People are not happy,"" Nitish had said after switching alliance.""You all know how I came to this alliance and also how I worked to bring together so many parties. But of late, things were not working well. It was not going down well with those in my party as well... Nobody was doing anything after the alliance was formed. INDIA bloc failed my expectations,"" Nitish had added.","Sonia Gandhi reportedly criticised Nitish Kumar for leaving the opposition alliance. Rajiv Ranjan Singh said that the former Bihar chief minister ""does not need Sonia's certificate"" Kumar quit the INDIA bloc on January 28, 2024, and returned to the BJP-led NDA.","https://static.toiimg.com/thumb/msid-134598203,imgsize-757977,width-400,height-225,resizemode-4/jdu-supremo-nitish-kumar-and-congress-leader-sonia-gandhi.jpg"
Will Amrinder Singh Warring resign as Punjab Congress president? His response: 'no comments',https://timesofindia.indiatimes.com/india/will-amrinder-singh-warring-resign-as-punjab-congress-president-his-response-no-comments/articleshow/134609610.cms,"Congress MP Amrinder Singh Raja Warring on buzz over his resignation as Punjab chief

Join conversation View All Comments → Share your thoughts in the comments Insightful Agree Disagree Skeptical Concerning Promising Worth Reading Big Development Post Comment Be respectful · TOI community guidelines

Poll Vote & Share your view Do you think a change in Punjab Congress leadership is necessary ahead of the elections? Yes, a new leader is needed. No, the current leadership should stay. 3k+ users shared opinion today 5k+ users already voted today 3k+ users shared opinion today Share Opinion

NEW DELHI: Punjab Congress chief Amrinder Singh Raja Warring on Thursday hinted at a possible change in the state party leadership, while refusing to comment on reports of his resignation and saying that “some issues are internal”.“I don't want to comment anything now. I will let you all know. Some issues are internal...” Warring said when asked about reports of him quitting as president of the Punjab Pradesh Congress Committee (PPCC).As per sources, the decision has been conveyed to Warring and that he has offered to resign. Vijay Inder Singla, Pargat Singh, Rana KP Singh and Sukhbinder Singh Sarkaria are among those being considered to replace him, with Singla emerging as a frontrunner.Earlier, Congress appointed Sachin Pilot as the party’s general secretary in charge of Punjab, replacing former Chhattisgarh chief minister Bhupesh Baghel, news agency ANI reported.The party has been grappling with internal differences in Punjab, with rival factions seeking greater prominence ahead of the next Assembly elections. Warring had also faced criticism from sections of the party over its electoral performance and his leadership.In August, Warring defended himself against criticism over the Congress’s performance in Punjab and questioned attempts to hold his leadership responsible for the party’s decline in the 2022 Assembly elections.“The only mistake is that when the Congress Party had 80 seats, we came down from 80 to 18 seats. Is that my fault? Captain Amarinder Singh led the government twice. From 80 seats, we came down to 18 seats,” he had said.","Punjab Congress chief Amrinder Singh Raja Warring refuses to comment on reports of his resignation. Sources say Warring has offered to resign. Vijay Inder Singla, Pargat Singh, Rana KP Singh and Sukhbinder Singh Sarkaria are among those being considered to replace him.","https://static.toiimg.com/thumb/msid-134610382,imgsize-75778,width-400,height-225,resizemode-4/congress-mp-amrinder-singh-raja-warring.jpg"
What makes a rape case 'rarest of rare'? How courts decide on the death penalty,https://timesofindia.indiatimes.com/india/what-makes-a-rape-case-rarest-of-rare-how-courts-decide-on-the-death-penalty/articleshow/134563044.cms,"Should death penalty remain exception in rape cases, not the rule?

And should death remain an exception rather than the rule?

Why women's safety is back at the centre of debate

2026 witness​es shocking incidents of sexual assault

When does rape become 'rarest of rare'?

Activist Yogita Bhayana in conversation with TOI

What changes when the accused is a minor?

Minor victims in rape cases in India: NCRB data

Does a harsher sentence always mean justice?

Two cases with different court sentences

Why tougher laws alone may not be enough

Delhi University students take out protest march amid rains to Miranda House college in north campus over women safety after Kalkaji gang rape.

Join conversation View All Comments → Share your thoughts in the comments Insightful Agree Disagree Skeptical Concerning Promising Worth Reading Big Development Post Comment Be respectful · TOI community guidelines

Every time a brutal rape case shocks the country, the demand returns almost immediately: give the harshest possible punishment.The anger is understandable. But the law applies a much narrower test. Not every rape case, however grave, crosses the threshold for the death penalty.India recorded 29,536 rape cases in 2024, according to the latest National Crime Records Bureau data. In Delhi, 1,058 rape cases were registered that year, while Delhi Police reported 1,901 cases in 2025.The figures come amid renewed attention on sexual violence, with a series of recent cases in Delhi and across the country bringing questions of punishment, deterrence and justice back into focus.While Indian law provides for stringent punishment, including the death penalty in certain rape cases, capital punishment remains restricted to specific circumstances.So when does a rape case cross the legal threshold for the ultimate punishment? What makes one case “rarest of rare”, while another results in life imprisonment?A series of recent cases has once again put women’s safety under scrutiny.In September, a 17-year-old girl was allegedly gang-raped by three men posing as police personnel at Astha Kunj Park near Kalkaji Mandir in Delhi. The case triggered student protests demanding stronger measures for women’s safety, and police arrested the accused.In August, another 17-year-old girl was allegedly gang-raped by a bus driver and conductor after boarding a bus from Greater Noida. She was later dropped near Kashmere Gate. The National Human Rights Commission took suo motu cognisance of the case and sought reports from authorities.Against this backdrop, the Supreme Court on Monday took suo motu cognisance of recent rape incidents in Delhi-NCR, flagging what it described as a ""systematic failure"" to ensure basic public safety.Concerns have extended beyond Delhi.In Bihar, three incidents involving alleged sexual harassment and assault were reported within days. In Jamui, a teenage boy and girl were allegedly stopped and assaulted by a group of men on September 19, with three accused arrested after a video surfaced online. In Samastipur, a minor girl was allegedly assaulted and molested, while another case in Banka’s Mandar Hill area involved allegations of a woman being harassed and her male friend assaulted.The cases have also spilled onto the streets. Students and young people in the national capital are holding protests demanding safer public spaces, stronger policing and greater accountability.Indian law permits the death penalty in certain aggravated rape cases, including those involving minors and cases where the victim dies or is left in a persistent vegetative state, under provisions of the Bharatiya Nyaya Sanhita and the POCSO Act.But the existence of the death penalty does not mean it follows automatically in the most brutal cases.Advocate Sumit Nagpal said courts consider factors including the brutality of the offence, injuries caused, the vulnerability of the survivor and the long-term consequences while determining punishment.Rupali Jain, who practises in the high court and Supreme Court, said the harm caused by rape, while grave, cannot by itself justify capital punishment.""As harm is inherent in every rape, it cannot alone justify death. The court must also apply the 'criminal test', the offender’s age, antecedents, background, custodial conduct and prospects of reform, as reiterated in Manoj v. State of Madhya Pradesh (2022),"" she said.The ""rarest of rare"" doctrine gained renewed attention following the 2012 Nirbhaya case . On December 16, 2012, a 23-year-old woman was gang-raped and brutally assaulted inside a moving bus in Delhi. She died from her injuries days later.Four adult accused were sentenced to death by the trial court in 2013. The Delhi high court upheld the punishment in 2014, and the Supreme Court confirmed the death sentences in 2017, holding that the case fell within the “rarest of rare” category.However, the Supreme Court has also held that the brutality or heinousness of an offence alone does not automatically make it a ""rarest of rare"" case. Courts must weigh aggravating circumstances against mitigating factors, including the possibility of reform and rehabilitation.But the death penalty is not automatic, even in cases involving extreme violence.The Bilkis Bano case offers another example of how courts apply the 'rarest of rare' test differently.In the Bilkis Bano case, 11 men were convicted and sentenced to life imprisonment for gang rape, murder and other offences linked to the 2002 Gujarat riots. Bilkis was 21 and five months pregnant when she was raped, and several members of her family were killed.The case shows why the ""rarest of rare"" test is not based only on how brutal or shocking a crime appears. Courts must also consider other factors, including the background of the accused and whether there is any possibility of reform.Activist Yogita Bhayana, however, argues that the impact of rape on the survivor should receive greater weight when courts consider the threshold.""Every rape case is rarest of the rare in terms of the victim,"" she said, arguing that the legal system can focus heavily on physical brutality while overlooking the lasting impact on survivors.Bhayana said she believes the death penalty should remain available in rape cases and argued for greater weight to be given to the consequences of the crime for survivors while deciding punishment.Jain, too, stressed the need for severe punishment, while emphasising that its deterrent effect depends on certainty and speed of enforcement.""In my opinion, the most effective way to deter sexual violence is stern punishment, imposed swiftly and with certainty. The offender must know that the consequence is severe and unavoidable: imprisonment for the remainder of natural life and, in the rarest of cases, death. The statute already provides for this, as Sections 65, 66, 70 and 71 of the Bharatiya Nyaya Sanhita, 2023 prescribe natural-life imprisonment or death for the gravest forms. The deficit lies in enforcement.""The legal process changes significantly when the accused is under 18.Under the Juvenile Justice (Care and Protection of Children) Act, 2015, a child aged between 16 and 18 who is accused of a “heinous offence”, including rape, can undergo a preliminary assessment by the Juvenile Justice Board.The Board looks at the child’s mental and physical capacity to commit the offence, whether they understood its consequences and the circumstances in which the alleged offence took place.Depending on that assessment, the case can be transferred to the Children’s Court, which then decides whether the child should be tried as an adult.Rupali Jain said the existing law already provides a framework for dealing with serious offences committed by juveniles, and the focus should remain on how it is implemented rather than simply lowering the age threshold.She also pointed out that the Juvenile Justice Act bars the death penalty and life imprisonment without the possibility of release for a child in conflict with law.However, activist Yogita Bhayana argues that the distinction between different degrees of brutality can be deeply troubling for survivors.“The miner will be treated as miner unless he brutally kills her, rape her in a very gruesome manner. Then otherwise, it will not be in the rarest of the rare category. So we need to change the whole thing,” she said, arguing that the system should focus more closely on the impact of the crime on the survivor and called for greater awareness and stronger mechanisms to deal with sexual offences.For survivors, justice does not necessarily end with an arrest, conviction or sentence.Activist Yogita Bhayana said the distinction between ""high-profile"" and ordinary rape cases often comes from media attention rather than the nature of the crime or the survivor’s experience.""There is no case which is high profile. What becomes media-highlighted becomes high profile,"" she said, pointing out that even Nirbhaya came from a humble, lower-middle-class family.She said survivors often continue to deal with trauma, repeated questioning and the pressures of the legal process long after public attention has moved on.""Attention doesn’t mean justice,"" Bhayana said.Dr Vinodh Sreeram, senior psychiatrist & addiction specialist at Maarga Mind Care, Bengaluru, said rape can deeply alter a survivor’s sense of safety, relationships and ability to return to everyday life.He cautioned against judging trauma only by visible injuries or by how brutal an assault appears. Two survivors of similar incidents can experience very different psychological effects depending on factors such as age, past experiences, their relationship with the accused and the support available to them.""The absence of visible injury should never be mistaken for the absence of psychological trauma,"" he said.On whether the death penalty can provide psychological closure, Sreeram said there is no single answer. Some survivors or families may see a severe sentence as justice, but ""closure rarely comes from the sentence alone"".Being believed, treated with dignity, protected from further harm and supported through recovery can be just as important, he said. Repeated questioning, cross-examination, delays and prolonged appeals can themselves become additional sources of distress.Recent protests in Delhi have again brought demands for safer public spaces, stronger policing, better surveillance and greater accountability to the forefront.Advocate Sumit Nagpal said the biggest challenge is not necessarily the absence of laws, but the capacity to enforce them.""The bottleneck is capacity, not the statute. India has roughly twenty judges per million people against a recommended fifty, and police strength sits well below sanctioned levels in most states. Until that gap closes, every reform stays on paper,"" he said.""So the real agenda is unglamorous: more investigators, more courts, more forensic capacity, fewer vacancies. No amendment will substitute for that.""Activist Yogita Bhayana said the biggest gap remains implementation. While reforms, awareness and gender-sensitisation efforts have increased, she said survivors continue to face inadequate support, delays in fast-track courts and a lack of sensitivity within the system.She also warned that repeated exposure to sexual-violence cases can make institutions become ""immune"" to such crimes.""For them, they see it like an everyday thing,"" she said, arguing that continued training and sensitisation are needed to ensure sexual violence is not treated as routine.Dr Vinodh Sreeram said debates around harsher punishment must also account for the realities of reporting, particularly because many survivors know the accused and may face fear, stigma and family pressure.A trauma-informed justice system, he said, should focus on sensitive questioning, privacy, timely trials and access to psychological support.“Justice is not only about the severity of punishment. It is also about ensuring that survivors are heard, protected, treated with dignity and given the opportunity to rebuild their lives,” Sreeram said.The death penalty is only one part of the debate. The larger challenge is to prevent such crimes, ensure quicker justice and make sure survivors get the support they need.","India recorded 29,536 rape cases in 2024, according to the latest National Crime Records Bureau data. In Delhi, 1,058 rape cases were registered that year, while Delhi Police reported 1,901 cases in 2025. Figures come amid renewed attention on sexual violence, with a series of recent cases in Delhi and across the country.","https://static.toiimg.com/thumb/msid-134563044,imgsize-208026,width-400,height-225,resizemode-4/134563044.jpg"
'Unacceptable': Assam CM issues apology after his convoy halts ambulance in Silchar,https://timesofindia.indiatimes.com/india/unacceptable-assam-cm-issues-apology-after-his-convoy-halts-ambulance-in-silchar/articleshow/134598116.cms,"Join conversation View All Comments → Share your thoughts in the comments Insightful Agree Disagree Skeptical Concerning Promising Worth Reading Big Development Post Comment Be respectful · TOI community guidelines

NEW DELHI: Assam chief minister Himanta Biswa Sarma on Wednesday issued an apology after an ambulance was halted to make way for his convoy in Silchar.In a social media post on X, Sarma said that no CM should ever take precedence over a life in need of a urgent care.""Today in Silchar, an ambulance was halted to make way for my convoy. This is unacceptable, and I apologise to the patient and their family. No chief minister's passage should EVER take precedence over a life in need of urgent care,"" Biswa said.He also said that he has asked officials to take firm action against people responsible in the incident.""My directions that VIP movement must not disrupt ordinary citizens have been clear. That they were not implemented is deeply troubling. I have asked the concerned officials to take firm action against those responsible and to constitute an inquiry,"" Assam CM said.""Let this be a clear warning: the directives on the CM's convoy shall be enforced in letter and spirit. Anyone found violating it will face strict consequences,"" he added.This comes as Sarma was campaigning for NDA candidates for the upcoming Silchar Municipal Corporation elections, scheduled for Saturday.",Assam chief minister Himanta Biswa Sarma issued an apology after an ambulance was halted to make way for his convoy. Sarma said that no CM should ever take precedence over a life in need of a urgent care. He also said that he has asked officials to take firm action against people responsible in the incident.,"https://static.toiimg.com/thumb/msid-134598148,imgsize-576548,width-400,height-225,resizemode-4/assam-chief-minsiter-himnta-biswa-sarma.jpg"
"'Save Democracy March' announced: INDIA bloc projects unity amid SIR row, targets PM Modi, Amit Shah",https://timesofindia.indiatimes.com/india/save-democracy-march-announced-india-bloc-projects-unity-amid-sir-row-targets-pm-modi-amit-shah/articleshow/134588801.cms,"Kharge said all Opposition MPs would also march to the Election Commission on October 6

Join conversation View All Comments → Share your thoughts in the comments Insightful Agree Disagree Skeptical Concerning Promising Worth Reading Big Development Post Comment Be respectful · TOI community guidelines

Poll Vote & Share your view Should the Chief Election Commissioner resign as demanded by opposition leaders? Yes, it's necessary No, he should remain 3k+ users shared opinion today 5k+ users already voted today 3k+ users shared opinion today Share Opinion

NEW DELHI: The INDIA bloc on Wednesday announced a series of nationwide protests against the Election Commission and the Special Intensive Revision (SIR) of electoral rolls, seeking to project opposition unity amid the ongoing row over voter rolls.Addressing a press conference after the INDIA bloc meeting, Congress president Mallikarjun Kharge said the alliance would hold district-level “Save Democracy” marches and demonstrations outside district magistrate offices from October 2 to 8.“From October 2 to 8, we will hold district-level 'Save Democracy' marches and stage demonstrations outside the offices of every district magistrate. We will also make people aware of why we are undertaking this campaign,” Kharge said.He said all opposition MPs would march to the Election Commission on October 6. Kharge said the opposition had initially planned to hold the march on Wednesday but decided to organise it later with greater participation.“On October 6, all opposition MPs will march to the Election Commission. We wanted to go today itself, but we decided to call the MPs again and organise the protest properly, so we have fixed October 6 for the march,” he said.Kharge added that Rajya Sabha members and MPs from all parties, as well as those who wanted to “protect democracy in the country”, would be invited to join the march.The alliance also plans to seek an appointment with President Droupadi Murmu in the second week of October. Leaders of the opposition will submit a representation outlining what Kharge described as the difficulties they were facing and the constitutional issues involved.A fourth phase of the campaign will comprise five major rallies, with their dates and venues to be announced later.The INDIA bloc meeting also saw Kharge reiterate his criticism of the Election Commission and Chief Election Commissioner Gyanesh Kumar. He alleged that the poll panel was being influenced by the government and said the parties had agreed to fight the issue together.“From October 2 to 8, we will hold district-level 'Save Democracy' marches and stage demonstrations outside the offices of every District Magistrate. We will also make people aware of why we are undertaking this campaign,” Kharge said.Addressing the briefing, ex-Bengal chief minister Mamata Banerjee lashed out at the CEC and call on him to resign.""He (CEC Gyanesh Kumar) must resign immediately. Let us save the democracy and make the security of the people, the voting rights... It is our constitutional rights. It is our obligation to the people. If people are not voting, if their voting are been looted and cheated, then where the country will go? So, our request...it our demand. Our forceful demand,"" the former Bengal CM said.The opposition has demanded a rollback of the SIR exercise, greater transparency in electoral rolls and safeguards against the exclusion of eligible voters. Kharge also called for the use of pre-SIR electoral rolls for future elections and sought prior notice, reasons and an effective appeal mechanism before legitimate voters are removed.The meeting was attended by representatives of Congress, SP, AITC, NCP(SP), SS (UBT), RJD, CPM, CPI, JKNC, JKPDP, JMM, CPI-ML, IUML, KC(M), MDMK, VCK, RSP, KC(J) and AIFB.",The INDIA bloc on Wednesday announced a series of nationwide protests against the Election Commission and the Special Intensive Revision (SIR) of electoral rolls. Congress president Mallikarjun Kharge said the alliance would hold district-level “Save Democracy” marches and demonstrations outside district magistrate offices from October 2 to 8.,"https://static.toiimg.com/thumb/msid-134588852,imgsize-62612,width-400,height-225,resizemode-4/image-59.jpg"
"Money laundering case: NIA court orders charges against Yasin Malik, six others",https://timesofindia.indiatimes.com/india/money-laundering-case-nia-court-orders-charges-against-yasin-malik-six-others/articleshow/134607639.cms,"Yasin Malik allegedly received foreign funds totalling Rs. 30,75,595 as alleged proceeds of crime (File photo)

Join conversation View All Comments → Share your thoughts in the comments Insightful Agree Disagree Skeptical Concerning Promising Worth Reading Big Development Post Comment Be respectful · TOI community guidelines

(With ANI inputs)

NEW DELHI: A special National Investigation Agency (NIA) court has directed that charges be framed against separatist Yasin Malik and six other accused under the Prevention of Money Laundering Act (PMLA) for allegedly receiving foreign funding from the Pakistani establishment through hawala channels.The other accused are Zahoor Ahmed Shah Watali, Abdul Rashid Sheikh, Shabir Ahmad Shah, Naval Kishore Kapoor, Trison Farms and Construction Pvt Ltd, and Masarat Alam Bhat.Special NIA Judge Prashant Sharma ordered that charges be framed after considering the material against the accused.""I conclude that prima facie, there is sufficient material on record based upon which strong suspicion is raised against all seven accused persons, namely Zahoor Ahmad Shah Watali, Naval Kishore Kapoor, M/s Trison Farms and Constructions Pvt Ltd, Mohd. Yasin Malik, Shabir Ahmad Shah, Masarat Alam and Abdul Rashid Sheikh, for which said accused persons have to be charged with offence u/sec. 3 of PMLA, punishable u/sec. 4 of PMLA,"" the Special Judge ordered on Wednesday.The investigation conducted by the Enforcement Directorate (ED) found that the scheduled offences generated proceeds of crime amounting to Rs. 8,94,87,639, which were allegedly received, routed, transferred, concealed, possessed, acquired and/or used by the accused through various channels.The court noted that, according to the NIA's second supplementary chargesheet, Malik received Rs. 15,75,595 from Saudi Arabia. It said Malik received foreign funds totalling Rs. 30,75,595 as alleged proceeds of crime.The ED case is based on an NIA case registered in 2017.The agency alleged that Malik, then head of the Jammu & Kashmir Liberation Front (JKLF), received foreign funds through Zahoor Ahmad Shah Watali, along with Shabir Ahmad Shah and Masarat Alam, during 2015-16.According to the ED, emails linked to Malik showed that he had established a network to raise funds abroad, which were used to support the JKLF and carry out secessionist activities and violence in Jammu and Kashmir.The ED also alleged that the money was routed through cash couriers who collected funds from the Pakistan High Commission in New Delhi and delivered them to Hurriyat leaders, including Malik.","A special National Investigation Agency (NIA) court has directed that charges be framed against separatist Yasin Malik. The other accused are Zahoor Ahmed Shah Watali, Abdul Rashid Sheikh, Shabir Ahmad Shah, Naval Kishore Kapoor, Trison Farms and Construction Pvt Ltd, and Masarat Alam Bhat.","https://static.toiimg.com/thumb/msid-134607885,imgsize-670280,width-400,height-225,resizemode-4/yasin-malik-allegedly-received-foreign-funds-totalling-rs-3075595-as-alleged-proceeds-of-crime-file-photo.jpg"
"Hashim Musa, key Pahalgam plotter, killed",https://timesofindia.indiatimes.com/india/hashim-musa-key-pahalgam-plotter-killed/articleshow/134605659.cms,"Neutralisation of Musa is a serious blow to LeT ecosystem in J&K,” the ministry said in a statement. This group was responsible for a string of sensational and deadly attacks across the region.

Join conversation View All Comments → Share your thoughts in the comments Insightful Agree Disagree Skeptical Concerning Promising Worth Reading Big Development Post Comment Be respectful · TOI community guidelines

Musa’s neutralisation blow to LeT network

SRINAGAR/ NEW DELHI: In a joint operation by Army, police and security forces, a top Pakistani Lashkar-e-Taiba terrorist, identified as Mohammad Asif, alias Hashim Musa, was killed in an overnight encounter in the upper reaches of Yousmarg, around 60km from Srinagar.With his elimination, the entire group of four LeT commanders who had been operating in J&K since 2022 and were also behind the Pahalgam massacre has been wiped out. Home ministry called it a massive victory. Intelligence agencies had been tracking for two years the whereabouts of this former Pak Special Service Group (SSG) commando who had infiltrated into the Valley.Neutralisation of Musa is a serious blow to LeT ecosystem in J&K,” the ministry said in a statement. This group was responsible for a string of sensational and deadly attacks across the region. The Musa-led squad’s terror trail included the Kandi attack in Rajouri (May 2023) where five Army personnel were killed, the Halan attack (Aug 2023), and the Dera Ki Gali ambush (Dec 2023) where terrorists targeted two Army vehicles, killing several soldiers.The group also orchestrated the June 9, 2024 attack on a bus carrying Hindu pilgrims in Reasi, killing nine and wounding 40. They were linked to the Oct 2024 Gagangir attack in Ganderbal, which claimed the lives of seven, and the Bootapathri attack near Gulmarg that killed two soldiers and two civilians. The violent spree culminated in the devastating April 2025 Baisaran Valley attack in Pahalgam, where the terrorists massacred 26 tourists and a local horseman.","A top Pakistani Lashkar-e-Taiba terrorist, identified as Mohammad Asif, alias Hashim Musa, was killed in an overnight encounter in the upper reaches of Yousmarg. Intelligence agencies had been tracking for two years the whereabouts of this former Pak Special Service Group (SSG) commando who had infiltrated into the Valley.","https://static.toiimg.com/thumb/msid-134605664,imgsize-40556,width-400,height-225,resizemode-4/former-pak-army-havildar-hashim-moosa-identified-as-let-operative-with-ssg-counter-insurgency-background-sources.jpg"
"Modi and Trump discuss ties, PM flags concerns about US’ Russia law",https://timesofindia.indiatimes.com/india/modi-and-trump-discuss-ties-pm-flags-concerns-about-us-russia-law/articleshow/134602223.cms,"An Indian readout said they agreed to maintain close engagement to deepen cooperation for the benefit of the people of both countries, and also to remain in touch. There was no White House readout till late in the evening.

Join conversation View All Comments → Share your thoughts in the comments Insightful Agree Disagree Skeptical Concerning Promising Worth Reading Big Development Post Comment Be respectful · TOI community guidelines

PM Narendra Modi held a phone call with US President Donald Trump Wednesday to review bilateral cooperation in trade, defence, critical technologies and energy, amid increasing friction in the relationship driven primarily by India’s purchase of Russian oil.Modi is learnt to have touched upon India’s concerns related to the US’ latest Sanctioning Russia and Iran Act of 2026 (SRIA) that allows the president to impose up to 100 percent tariffs on countries like India and China for their procurement of Russian oil.In the run up to the Modi-Trump conversation – their first since they met in France in June – both external affairs minister S Jaishankar and foreign secretary Vikram Misri had flagged the same concerns with American authorities, emphasising the recently enacted SRIA would have consequences for India-US ties. India continues to maintain that its energy sourcing is driven by national interests and the need to ensure reliable and affordable supplies for 1.4 billion people.Modi said in a post on X that he had productive conversation with Trump. “We reviewed our bilateral cooperation in trade, defence, energy, critical technologies and other areas. We agreed to maintain close engagement to take our Comprehensive Global Strategic Partnership forward,” said the PM, adding that they also exchanged views on regional and international issues, including ongoing efforts to advance global peace and security.An Indian readout said they agreed to maintain close engagement to deepen cooperation for the benefit of the people of both countries, and also to remain in touch. There was no White House readout till late in the evening.According to diplomatic sources, the conversation helped reinforce the strategic partnership amid the friction over the US passage of the Russia-related legislation, and also differences over trade that have prevented the 2 countries from concluding a bilateral trade agreement. Modi will travel to the US in December for the G20 summit in Florida where he is likely to also have a bilateral meeting with Trump. However, potential US tariffs or penalties could disrupt the diplomatic buildup to the visit.Jaishankar had raised India’s concerns related to the SRIA with his counterpart Marco Rubio in a meeting on the margins of the UNGA last week. Earlier this week, foreign secretary Vikram Misri told a visiting Congressional delegation that the new law will have a negative impact on not just bilateral relations but also the energy situation in global markets.Trade and energy, however, are not the only issues that India and the US need to address to get the relationship back on track. While still in the US, Jaishankar warned the Trump administration this week that the lack of empathy or understanding about India’s cross-border terrorism concerns – as evident from the US courting of Pakistan – will also hurt the relationship.",Modi is learnt to have touched upon India’s concerns related to the US’ latest Sanctioning Russia and Iran Act of 2026. India continues to maintain that its energy sourcing is driven by national interests and the need to ensure reliable and affordable supplies for 1.4 billion people.,"https://static.toiimg.com/thumb/msid-134602225,imgsize-90980,width-400,height-225,resizemode-4/us-president-donald-trump-attends-a-bilateral-meeting-with-indian-prime-minister-narendra-modi-during-the-g7-summit-in-evian-les-bains-france-june-17-2026.jpg"
Kathua fratricide: Plaint over bringing child to project site enraged killer,https://timesofindia.indiatimes.com/india/kathua-fratricide-plaint-over-bringing-child-to-project-site-enraged-killer/articleshow/134601137.cms,"(Representative image): The accused head constable, Abhidesh Kumar Singh of Bihar, was remanded in seven-day police custody. DG (CISF) Parveen Ranjan visited the project site to oversee the situation and get a first-hand report from officers on the previous evening’s fratricide.

Join conversation View All Comments → Share your thoughts in the comments Insightful Agree Disagree Skeptical Concerning Promising Worth Reading Big Development Post Comment Be respectful · TOI community guidelines

JAMMU: The CISF jawan who shot dead four colleagues, including an assistant commandant, at an NHPC hydel plant in J&K’s Kathua district had allegedly got into a heated argument with one of the victims over bringing his child to the project site, police said Wednesday.The accused head constable, Abhidesh Kumar Singh of Bihar, was remanded in seven-day police custody. DG (CISF) Parveen Ranjan visited the project site to oversee the situation and get a first-hand report from officers on the previous evening’s fratricide.Police said Abhidesh and his wife Pooja, both head constables with CISF, were posted at the same Sewa-III project of the central PSU at Basohli—near the Himachal Pradesh border—but assigned different shifts. The unit administration had not allowed Pooja to enter or stay in the Quarter Guard area with her young child, aged about two-and-a-half.“While joining their respective shift at the site, either spouse would bring the toddler along to hand him over to the one heading home, despite being repeatedly warned against bringing the child to the project site. Even on Tuesday, one of them had brought the child to the site to hand over to the spouse, and someone complained about it to the Company Commander,” an officer said.“The complaint made to Assistant Commandant Ankit Kumar Pandey incensed the accused. In a fit of rage, Abhidesh walked into the Operations section office near the main gate and opened indiscriminate fire, killing Pandey, sub-inspector Lakshman Singh, and constables Sanjeev Kumar and Mohammed Rafiq,” the officer said.The attack wasn’t an isolated one among security personnel in this J&K zone under Jammu division. On Aug 14 this year, a village defence Guard, Surjeet Singh, gunned down a colleague and critically injured another following a scuffle in Udhampur, around 120km from Kathua.","The accused head constable, Abhidesh Kumar Singh of Bihar, was remanded in seven-day police custody. DG (CISF) Parveen Ranjan visited the project site to oversee the situation and get a first-hand report from officers.","https://static.toiimg.com/thumb/msid-134601376,imgsize-20906,width-400,height-225,resizemode-4/four-cisf-personnel-killed-in-friendly-firing-incident-in-jampks-kathua.jpg"
"J&K parties, barring BJP, blast top officials for letter to assembly against statehood resolution",https://timesofindia.indiatimes.com/india/jk-parties-barring-bjp-blast-top-officials-for-letter-to-assembly-against-statehood-resolution/articleshow/134601139.cms,"Congress chief whip Nizamuddin Bhat the officers had challenged the authority of the Speaker by writing to the Assembly. 'It is absolutely unconstitutional. J&K Assembly is not a Panchayati board,' he said.

Join conversation View All Comments → Share your thoughts in the comments Insightful Agree Disagree Skeptical Concerning Promising Worth Reading Big Development Post Comment Be respectful · TOI community guidelines

SRINAGAR: Two top officials of the J&K administration came under fire Wednesday from political parties in the union territory for writing to the Assembly and asking it not to proceed with the resolution for the restoration of statehood, which also contained a reference to autonomy and was passed by the House on Monday.Peoples Conference, PDP and Congress sought action against chief secretary Atal Dulloo and the law secretary.Speaking on Wednesday, the last day of the Assembly’s autumn session, Peoples Conference chairman Sajad Lone said the two officials had undermined the House and sought action against them. “The act of the chief secretary of writing a letter to the Assembly is a disdainful act of brutality against the Assembly. Is he bigger than the people of J&K,” Lone said.Congress chief whip Nizamuddin Bhat the officers had challenged the authority of the Speaker by writing to the Assembly. “It is absolutely unconstitutional. J&K Assembly is not a Panchayati board,” he said.PDP‘s Waheed Parra moved a motion of privilege against two officials, stating that the chief minister had placed on record their conduct as they questioned the contents and language of a resolution of this House.“The power of an elected legislature to initiate, deliberate upon, amend and adopt resolutions is a core parliamentary function. While officers are entitled to provide administrative or legal advice to the govt within the scope of their duties, such advice cannot be permitted to become an instrument for questioning, constraining or intruding upon the legislative privileges and authority of this House,” the motion reads.On Monday, while arguing for statehood restoration, CM Omar Abdullah had said law secretary and chief secretary had written to the Assembly asking it not to discuss the statehood resolution. “I am the law minister and this opinion has gone to you (Speaker) and I have not even seen it. I do not know whether the chief secretary is sending you a letter regarding my resolution,” he said. “Can you imagine this would happen in any state or UT that the chief minister moves a resolution in the Assembly and the law secretary gives an opinion against it. This can happen only here. And similar things happen here every day.”BJP’s Sunil Sharma, who is the leader of opposition in the Assembly, defended the officials and sought action against the chief minister and the Speaker. “In this Assembly, a resolution was brought seeking the pre-1953 position of J&K, for which Omar Abdullah’s grandfather, Sheikh Mohammad Abdullah, had to spend 22 years in jail. Sheikh Abdullah was similarly seeking a separate Constitution, a separate flag, a requirement for anyone entering J&K to seek permission and a separate head of state for J&K.Late Jawaharlal Nehru government sent him to jail because there was no place for such things in the country,” Sharma said.“The resolution brought by Omar Abdullah was unconstitutional. Government institutions and agencies should take serious note of it and should take action against his government,” he said.Sharma said it was an indication of Muslim sub-nationalism.He also said the Congress, which supported the resolution, will have to pay a political price for it as the BJP would take up the issue against the party at the national level.","Peoples Conference, PDP and Congress sought action against chief secretary Atal Dulloo and the law secretary. Congress chief whip Nizamuddin Bhat the officers had challenged the authority of the Speaker by writing to the Assembly. 'It is absolutely unconstitutional. J&K Assembly is not a Panchayati board,' he said.","https://static.toiimg.com/thumb/msid-134601316,imgsize-381530,width-400,height-225,resizemode-4/srinagar-oct-23-ani_-jammu-and-kashmir-assembly-abdul-rahim-rather-address.jpg"
Operation Sheruwali: How security forces tracked LeT commander Musa in months-long hunt since May,https://timesofindia.indiatimes.com/india/operation-sheruwali-how-security-forces-tracked-let-commander-musa-in-months-long-hunt-since-may/articleshow/134595813.cms,"Hashim Moosa (Left) killed in an encounter in Jammu and Kashmir’s Budgam district, Indian Army (File photo)

How Operation Sheruwali unfolded

Is Hashim Moosa an ex-Pakistan SSG commando?

Four-member LeT group neutralised

The three other commanders were killed in separate encounters:

Junaid Bhat: Neutralised on December 3, 2024, in Dachigam.

Suleman: Killed on July 28, 2025, during Operation Mahadev.

Yasir: Neutralised on September 4, 2026, during Operation Asdhar.

Musa's alleged role in Pahalgam attack

Join conversation View All Comments → Share your thoughts in the comments Insightful Agree Disagree Skeptical Concerning Promising Worth Reading Big Development Post Comment Be respectful · TOI community guidelines

NEW DELHI: The killing of senior Lashkar-e-Taiba (LeT) commander Mohammad Asif alias Hashim Musa in Jammu and Kashmir's Budgam district on Wednesday was the culmination of a months-long intelligence-led operation, named ‘Operation Sheruwali’, launched in May 2026.Security forces had been tracking Musa for a prolonged period before a coordinated plan involving multiple agencies was drawn up to neutralise him, following the receipt of technical and human intelligence about his movements and presence in the area.The operation culminated in an encounter in the Yousmarg area of Budgam, where Musa was killed. His body was later recovered along with war-like stores, according to the Army.Also read| Ex-Pakistan SSG commando, highly trained LeT terrorist, Pahalgam mastermind: Who was Hashim Moosa; killed in J&K encounter The ministry of information and broadcasting said the operation dealt a blow to the LeT network in Jammu and Kashmir, with Musa's killing bringing an end to a group of four senior commanders who had been operating in the union territory since 2022 and were linked to several attacks.According to a statement issued by the Press Information Bureau (PIB), security forces had been pursuing Musa for a long time.A specific plan involving all stakeholders was recently put in place after intelligence inputs indicated his movement and presence.The government said the operation to neutralise Musa was part of the ongoing ‘Operation Sheruwali’, which began in May 2026.The Army's Chinar Corps, meanwhile, said the encounter took place during Operation Korag in the Yousmarg area of Budgam district. Troops launched a search operation based on specific intelligence inputs and challenged suspicious movement, following which terrorists opened fire.The operation involved the Indian Army, Jammu and Kashmir Police and the Central Reserve Police Force (CRPF).The search continued after the encounter, with security personnel checking the surrounding areas for any additional terrorist presence. Musa's body was recovered from the general area of Palmaidan along with war-like stores, according to the Chinar Corps.One of the key aspects of Musa's background is his alleged association with Pakistan's military.ANI, quoting security agency sources, reported that Musa had served as a para-commando in Pakistan's Special Service Group (SSG), where he held the rank of Havildar. According to the sources, he retired from the SSG in 2023, subsequently joined the LeT and infiltrated into India.Former Jammu and Kashmir DGP S P Vaid described Musa as a highly trained commando specialising in ambushes and guerrilla-style attacks.Vaid alleged that Musa's footprints had been seen in several attacks in Jammu and Kashmir, including those in Poonch, DKG, Bhimber Gali, Gulmarg and the attack on pilgrims in Reasi.However, his alleged military background has been reported by security agency sources and has not been independently established.With Musa's killing, all four senior LeT commanders belonging to the group that had been active in Jammu and Kashmir since 2022 have been neutralised, according to the government.The government linked the group to several attacks across Jammu and Kashmir, including the Halan attack in August 2023, DKG attack in December 2023, Kandi attack in May 2023, Shahsitar attack in May 2024, Shiv Khori attack in June 2024, Gagangir and Bootapathri attacks in October 2024, and the Baisaran attack in April 2025.Musa was among the key suspects in the April 22, 2025, Pahalgam terror attack , in which terrorists targeted tourists at Baisaran Valley, killing 26 people.The Jammu and Kashmir Police had announced a reward of Rs 20 lakh for information leading to the arrest of Pakistan nationals and LeT terrorists Adil Hussain Thoker, Ali Bhai and Hashim Musa.The National Investigation Agency (NIA) subsequently chargesheeted seven accused in the case, including Pakistan-based LeT and The Resistance Front (TRF), which it accused of planning, facilitating and executing the attack.The NIA's 1,597-page chargesheet also named Pakistani handler Sajid Jatt as an accused and detailed the alleged Pakistan-based conspiracy behind the attack.The government said the operation reflected sustained coordination between the Jammu and Kashmir Police, the Indian Army and Central Armed Police Forces (CAPFs) in counter-terrorism operations across the union territory.","Hashim Moosa killed in an encounter in Jammu and Kashmir’s Budgam district, Indian Army says. Security forces had been tracking Musa for a prolonged period before a coordinated plan involving multiple agencies was drawn up to neutralise him. His body was later recovered along with war-like stores, according to the Army.","https://static.toiimg.com/thumb/msid-134597650,imgsize-99301,width-400,height-225,resizemode-4/hashim-moosa-left-killed-in-an-encounter-in-jammu-and-kashmirs-budgam-district.jpg"
"'This nonsense has to stop': SC pulls up UP Police over unnamed FIRs, suggests CBI probe in all cases",https://timesofindia.indiatimes.com/india/this-nonsense-has-to-stop-sc-pulls-up-up-police-over-unnamed-fir-suggests-cbi-probe-in-all-cases/articleshow/134594779.cms,"SC lambasts UP Police over unnamed FIR despite accused being known, suggests CBI take over all UP cases

SC seeks explanation from UP government

Join conversation View All Comments → Share your thoughts in the comments Insightful Agree Disagree Skeptical Concerning Promising Worth Reading Big Development Post Comment Be respectful · TOI community guidelines

With inputs from ANI and PTI.

NEW DELHI: The Supreme Court on Wednesday strongly criticised the Uttar Pradesh Police for allegedly registering an FIR against an unknown person despite knowing the identity of the accused, questioning how people could trust the police under such circumstances.A bench of Justices Sanjay Kumar and Sanjeev Sachdeva suggested that the Central Bureau of Investigation (CBI) take over all criminal investigations in Uttar Pradesh and even remarked that the entire state police force could be disbanded.“Why did you write unknown if the person was caught at the spot? How will people trust the police?” the court asked.The bench further said, ""Toeing the line is one thing but bending over is another. And this kind of cover-up job? Less said the better.""Directing the station house officer (SHO) to remain present in court on the next date of hearing, the bench questioned the police investigation and said, ""This is how you do the investigation. We have seen lacunae in many cases. In everything, you have an agenda. How will people trust you if this is how you proceed with these matters?""It is better if we ask the CBI to step in and take over all UP Police investigations.We might as well disband the UP Police. This nonsense has to stop at some point.""The observations came during the hearing of a woman's plea seeking cancellation of anticipatory bail granted to an accused in a case registered under Section 354 of the Indian Penal Code (IPC).The petitioner, who appeared in person, alleged that the police had initially registered an FIR against an ""unknown person"" despite her having handed the accused over to them after he allegedly trespassed into a private space and harassed her.She further alleged that the police added the accused's name to their report only after the court sought an explanation, without conducting any investigation, and described the police report as ""biased"".The bench also questioned the possibility of an accused's name being introduced later through supplementary documents.“Perhaps…. you can substitute the name, bring in one of your own names…” the court observed.The Supreme Court noted that the Uttar Pradesh Police's affidavit itself disclosed the accused's name, despite it allegedly being omitted from the FIR. The bench sought an explanation from the state administration over the circumstances in which the FIR was registered and directed it to file a fresh affidavit.The court further remarked that following instructions was one thing, but going to such lengths to protect or cover up the conduct in question was unacceptable.The woman had initially approached a lower court, which granted anticipatory bail to the accused. She subsequently moved the Allahabad High Court seeking cancellation of the bail, but her plea was rejected.She then approached the Supreme Court challenging the high court's order.During the hearing, the petitioner alleged that the accused's name was introduced into the case only after the High Court sought a report, and that he was eventually given a clean chit. The Supreme Court expressed shock at the submission.However, advocate Vijendra Singh, representing the Uttar Pradesh Police, denied that the court had made adverse observations against the state police.According to the advocate-on-record, the bench had only taken note of the petitioner's submissions and sought an affidavit from the UP Police. The Uttar Pradesh government said it would respond to the allegations before the court.",Supreme Court criticises Uttar Pradesh Police for allegedly registering an FIR against an unknown person despite knowing the identity of the accused. Justices Sanjay Kumar and Sanjeev Sachdeva suggested that the Central Bureau of Investigation (CBI) take over all criminal investigations in Uttar Pradesh.,"https://static.toiimg.com/thumb/msid-134595096,imgsize-87390,width-400,height-225,resizemode-4/2020-delhi-riots-conspiracy-case-sc-seeks-delhi-police-response-on-athar-khans-bail-plea.jpg"
"INDIA bloc meet: BJP says Oct 2 march is to ‘save dynasty, not democracy'",https://timesofindia.indiatimes.com/india/india-bloc-meet-bjp-says-oct-2-march-is-to-save-dynasty-not-democracy/articleshow/134592261.cms,"Join conversation View All Comments → Share your thoughts in the comments Insightful Agree Disagree Skeptical Concerning Promising Worth Reading Big Development Post Comment Be respectful · TOI community guidelines

NEW DELHI: Bharatiya Janata Party on Wednesday hit out at the INDIA bloc, saying the opposition alliance's proposed nationwide protests against the Election Commission are aimed at “saving dynasty” rather than “saving democracy”.After INDIA bloc's meeting, Union minister Shivraj Singh Chouhan accused the opposition of attacking the poll panel to create an “advance excuse” for a defeat in the upcoming elections.“Zero vision, 100 per cent frustration and an advance excuse for defeat. Before the upcoming elections, they are already setting the stage for their defeat. They are looking for excuses for their loss right now. A programme from October 2 to 8 has been announced - ‘Save Democracy March’. This is not a Save Democracy March. This is a Save Dynasty March,” Chouhan said.Chouhan also questioned the unity of the opposition alliance, pointing to the absence of several INDIA bloc leaders from the meeting.“Today there was an INDI alliance meeting, but the alliance had already fallen apart even before the meeting. Uttar Pradesh is a state where elections are due. Where was Akhilesh Yadav? If the issue is so important, why is Akhilesh Yadav not there? Where is Stalin? DMK has already said that wherever Congress is present, we will not sit there.Where is Arvind Kejriwal? Uddhav Thackeray is not physically present. We do not know about Pawar and Hemant Soren ji,” he said.“The condition of the INDI alliance has become such that a heart has been torn into a thousand pieces, one falling here and another there. The truth is that the INDI alliance is not ready to accept Rahul ji as its leader,” Chouhan added.Chauhan's remarks came after the INDIA bloc announced a series of nationwide protests against the Election Commission and the SIR of electoral rolls, seeking to project opposition unity amid the ongoing row over voter rolls.Addressing a press conference after the meeting, Congress president Mallikarjun Kharge said the alliance would hold district-level “save democracy” marches and demonstrations outside district magistrates' offices from October 2 to 8.“From October 2 to 8, we will hold district-level 'Save Democracy' marches and stage demonstrations outside the offices of every district magistrate. We will also make people aware of why we are undertaking this campaign,” Kharge said.The INDIA bloc meeting came days after a media report claimed that Election Commissioners Sukhbir Singh Sandhu and Vivek Joshi had objected on record at least 14 times over the past 10 months to decisions and orders on SIR that they said were issued without their knowledge or recommendation.Under fire over the reported objections by the two commissioners, the Election Commission has maintained that differing views and observations are a normal part of deliberations in any institution. It said all its orders carry full legal sanction and follow established statutory procedures.","Union minister Shivraj Singh Chouhan accused the opposition of attacking the poll panel to create an “advance excuse” for a defeat in the upcoming elections. Chouhan also questioned the unity of the opposition alliance, pointing to the absence of several INDIA bloc leaders from the meeting.","https://static.toiimg.com/thumb/msid-134592393,imgsize-894795,width-400,height-225,resizemode-4/union-minister-shivraj-singh-chauhan-and-mallikarjun-kharge.jpg"
"Ex-Pakistan SSG commando, highly trained LeT terrorist, Pahalgam mastermind: Who was Hashim Moosa; killed in J&K encounter",https://timesofindia.indiatimes.com/india/ex-pakistan-ssg-commando-highly-trained-let-terrorist-pahalgam-mastermind-who-was-hashim-moosa/articleshow/134588500.cms,"Hashim Moosa (right) killed in an encounter in Jammu and Kashmir’s Budgam district

Who was Hashim Moosa?

Is Hashim Moosa an ex-SSG commando?

What attacks is Moosa linked to?

How was Moosa killed?

Join conversation View All Comments → Share your thoughts in the comments Insightful Agree Disagree Skeptical Concerning Promising Worth Reading Big Development Post Comment Be respectful · TOI community guidelines

Pahalgam victim's daughter calls it ‘one chapter’ closed

Poll Vote & Share your view How important do you think is the connection between military training and terrorism? Very important Somewhat important Not important 3k+ users shared opinion today 5k+ users already voted today 3k+ users shared opinion today Share Opinion

NEW DELHI: Pakistan-based Lashkar-e-Taiba (LeT) terrorist Mohammad Asif alias Hashim Moosa, wanted for his alleged role in the 2025 Pahalgam terror attack , was killed in an encounter with security forces in Jammu and Kashmir's Budgam district on Wednesday.Moosa was killed during a joint operation by the Indian Army , Jammu and Kashmir Police and the Central Reserve Police Force (CRPF) in the Korag area of Yousmarg. His body was later recovered from the general area of Palmaidan along with war-like stores, according to the Army's Chinar Corps.Moosa's killing has brought renewed focus on the background of the LeT terrorist, who security agencies had identified as one of the key suspects in the Pahalgam attack and linked to other terror attacks in Jammu and Kashmir.Moosa was a Pakistani LeT terrorist wanted in connection with the April 22, 2025 Pahalgam terror attack, in which 26 people were killed.Former Jammu and Kashmir DGP S.P. Vaid on Wednesday described Moosa as a highly trained terrorist and alleged that his footprints had surfaced in several attacks in Jammu and Kashmir, including attacks in the Poonch region and the Pahalgam attack.Vaid said Moosa was considered the mastermind of the Pahalgam attack and described him as a Pakistani national and a commando-trained terrorist specialising in jungle warfare and guerrilla operations.One of the key aspects of Moosa's background now being examined is his alleged connection with Pakistan's military.News agency ANI also quotes security agency sources stating that Moosa had served as a para-commando in Pakistan's Special Service Group (SSG) where he held the rank of Havildar. Following his retirement from the SSG in 2023, he joined the terrorist outfit Lashkar-e-Taiba (LeT) and infiltrated into India.Vaid described Moosa as a highly trained commando specialising in ambushes and guerrilla-style attacks. He alleged that Moosa's footprints had been seen in attacks in Poonch, DKG, Bhimber Gali, the Gulmarg attack and the Reasi attack on pilgrims.The alleged SSG connection could shed further light on Moosa's training and his role within the LeT network, but the military background remains a matter of investigation.ALSO READ: 'Save Democracy March' announced: INDIA bloc projects unity amid SIR row, targets PM Modi, Amit Shah The Pahalgam attack took place on April 22, 2025, when terrorists targeted tourists at Baisaran Valley. Twenty-six people were killed in the attack.According to the ANI report, Moosa was named as one of the key suspects in the attack and had been wanted by Jammu and Kashmir Police.The National Investigation Agency later chargesheeted seven accused in the case, including Pakistan-based LeT and The Resistance Front (TRF), which it charged as a legal entity for allegedly planning, facilitating and executing the attack.The NIA's 1,597-page chargesheet also named Pakistani handler Sajid Jatt as an accused.The agency had said its investigation detailed the Pakistan-based conspiracy and the roles of those accused in the attack.Security forces launched Operation Korag in the Yousmarg area of Budgam following specific intelligence inputs about terrorist movement.During the joint search operation, troops observed suspicious activity and challenged the terrorists. The terrorists opened fire, triggering an encounter in which Moosa was killed.The operation involved the Indian Army, Jammu and Kashmir Police and the CRPF.The search operation continued after the encounter, with security personnel checking the surrounding area for any additional terrorist presence. During the search, Moosa's body was recovered from Palmaidan along with war-like stores, according to the Chinar Corps.The killing also drew a reaction from Asavari Jagdale, daughter of Pahalgam attack victim Santosh Jagdale.Speaking to ANI, Jagdale thanked the Army and intelligence agencies for the operation and recalled the April 22 attack in which 26 people were killed.She described the killing as a step towards justice but said the legal process must continue until the case reaches its final verdict.“I would say that one chapter of the case has ended,” she said.Jagdale also urged security agencies to continue operations against terrorists and said the 26 families would consider the case fully closed only after completion of the legal proceedings.","Pakistani-based Lashkar-e-Taiba (LeT) terrorist Mohammad Asif alias Hashim Moosa was killed in an encounter with security forces in Jammu and Kashmir's Budgam district on Wednesday. Moosa's killing has brought renewed focus on the background of the LeT terrorist, who security agencies had identified as one of the key suspects in the 2025 Pahalgam attack.","https://static.toiimg.com/thumb/msid-134591065,imgsize-34748,width-400,height-225,resizemode-4/hashim.jpg"
‘Blown them away with that whistle’: TVK takes swipe at Udhayanidhi over bypolls,https://timesofindia.indiatimes.com/india/blown-them-away-with-that-whistle-tvk-takes-swipe-at-udhayanidhi-over-bypolls/articleshow/134532388.cms,"‘That whistle blew them away’: TVK takes dig at Udhayanidhi over bypolls

Join conversation View All Comments → Share your thoughts in the comments Insightful Agree Disagree Skeptical Concerning Promising Worth Reading Big Development Post Comment Be respectful · TOI community guidelines

Poll Vote & Share your view Which issue do you think will be most important to voters in the Madurantakam bypoll? Local development Candidate’s track record Party leadership Constituency-specific issues 3k+ users shared opinion today 5k+ users already voted today 3k+ users shared opinion today Share Opinion

NEW DELHI: Tamil Nadu minister Aadhav Arjuna launched a sharp attack on the DMK, claiming that the party had underestimated his side and was now in a weak position in the Maduranthakam constituency.Arjuna said the DMK had earlier claimed it would win 200 constituencies but was now sitting in the opposition benches.“The DMK, which said that it would win 200 constituencies, is sitting in the Opposition benches. They took us lightly. They said, ‘These people only know how to blow whistles.’ That very whistle came to us as our symbol, and we have blown them away completely with that whistle,” he said.Arjuna further claimed that the DMK was in a “pathetic position” in the constituency and questioned whether the party would even be able to retain its election deposit.“In this constituency, the DMK is in a pathetic position. Will the DMK even get its deposit back?” he said.He also targeted Tamil Nadu leader of opposition Udhayanidhi Stalin , alleging that his remarks were damaging the DMK.“Everything that comes out of the mouth of Udhayanidhi is only obscenity. No one else needs to come to destroy the DMK; MK Stalin’s son is enough. Udhayanidhi Stalin has come to destroy the DMK,” Arjuna said.Bypolls to the Maduranthakam Assembly constituency in Chengelpet district, adjoining Chennai, and the Dharapuram constituency in Tiruppur district of western Tamil Nadu will be held on October 6.The bypolls were necessitated after AIADMK legislators Maragatham Kumaravel and P Sathyabama resigned from their posts and joined the ruling TVK. The party has fielded both of them from the same constituencies they represented after being elected in the April Assembly election.This is the first time the TVK government is facing Assembly bypolls since it assumed office in May 2026.The Left parties, which extend outside support to the TVK government and help it retain its majority, have not joined the ruling party-led alliance. Instead, they are contesting the bypolls as a separate front.Candidates of the main opposition DMK, the AIADMK and the Tamil nationalist Naam Tamilar Katchi (NTK) are also in the fray.The Vanniyar-dominated PMK, which has considerable influence in several northern parts of the state, has not extended support to any party.A key opposition campaign plank is that the bypolls were not a natural outcome but were forced on voters after the TVK “lured AIADMK MLAs” to strengthen its numbers in the Assembly.AIADMK chief Edappadi K Palaniswami has already begun campaigning, seeking “justice” over what he has described as the betrayal.","Tamil Nadu minister Aadhav Arjuna launched a sharp attack on the DMK. He claimed that the party had underestimated his side and was now in a weak position. Bypolls to the Maduranthakam Assembly constituency in Chengelpet district, adjoining Chennai, will be held on October 6.","https://static.toiimg.com/thumb/msid-134532618,imgsize-53856,width-400,height-225,resizemode-4/file-photo.jpg"
"Watch: Landslide blocks Kedarnath route in Rudraprayag’s Chirbasa, over 1,500 pilgrims evacuated",https://timesofindia.indiatimes.com/india/watch-landslide-blocks-kedarnath-route-in-rudraprayags-chirbasa-over-1200-pilgrims-evacuated/articleshow/134531624.cms,"Kedarnath route blocked by landslide in Rudraprayag's Chirbasa village

Join conversation View All Comments → Share your thoughts in the comments Insightful Agree Disagree Skeptical Concerning Promising Worth Reading Big Development Post Comment Be respectful · TOI community guidelines

Pilgrims carefully evacuated from landslide zone

Joint teams complete rescue operation

NEW DELHI: Around 1,500 pilgrims stranded on the Kedarnath route near Chirbasa were safely rescued and escorted to Gaurikund after a landslide blocked the route late Sunday night, officials said.The pilgrims were stranded around three kilometres from Gaurikund after a landslide hit the route near Chirbasa, news agency ANI reported.The Rudraprayag District Control Room (DCR) informed Sonprayag Police about the situation late on September 27, following which the SDRF Sonprayag team, led by Sub-Inspector Ashish Dimri, rushed to the spot.Prioritising the safety of the pilgrims, the rescue teams carefully assisted them across the affected stretch. Around 1,500 pilgrims were brought safely to the other side of the landslide zone and escorted towards Gaurikund.The operation was carried out despite continued rockfall and the risk of further landslides in the area. Rescue personnel coordinated the movement of pilgrims to ensure they crossed the dangerous stretch safely.The coordinated efforts of the SDRF, NDRF and DDRF helped ensure that all the stranded pilgrims were safely evacuated from the affected area.Officials said the rescue operation was successfully completed despite the challenging conditions at the site.","Around 1,500 pilgrims stranded on the Kedarnath route near Chirbasa were safely rescued. The pilgrims were stranded around three kilometres from Gaurikund after a landslide hit the route. Rescue personnel coordinated the movement of pilgrims to ensure they crossed the dangerous stretch.","https://static.toiimg.com/thumb/msid-134532905,imgsize-8690239,width-400,height-225,resizemode-4/kedarnath-route-blocked-by-landslide-in-rudraprayags-chirbasa-village.jpg"
Tensions flare in Ujjain after group clashes with police over portion of Shahi mosque demolition,https://timesofindia.indiatimes.com/city/indore/tensions-flare-in-ujjain-after-group-clashes-with-police-over-shahi-masjid-demolition-row/articleshow/134532177.cms,"Heavy police force deployed in the area.

272 structures have been marked for demolition

Poll Vote & Share your view Do you think the road-widening project will improve arrangements for the Simhastha Mela? Yes, it will improve accessibility No, it may create challenges 3k+ users shared opinion today 5k+ users already voted today 3k+ users shared opinion today Share Opinion

(With inputs from ANI)





UJJAIN: A large group of people clashed with police in Ujjain at the spot where a portion of the Shahi Masjid was demolished as part of a road-widening project, news agency ANI reported on Monday.Heavy police force remains deployed in the area.The situation reportedly turned tense when some unidentified individuals began pelting stones in the area. Police personnel intervened to bring the situation under control and fired tear-gas shells to disperse the crowd.The confrontation took place as the Ujjain Municipal Corporation started removing the mosque portion falling within the proposed road alignment for the widening project ahead of Simhastha 2028.Rapid Action Force (RAF) personnel are also present at the spot.Earlier, Madhya Pradesh chief minister Mohan Yadav intitaed various develoment works in Ujjain with the demolition activity carried out at his ancestral home.272 structures have been marked for demolition as part of a road-widening project in Ujjain ahead of the Simhastha 2028 fair.Speaking on the occasion, Yadav said the demolition of his childhood home carried personal significance, but was necessary for the larger cause.""This is the place where I grew up, playing and running around, and now I am stepping forward to dismantle it with my own hands. It certainly has an emotional impact. However, if it is necessary for the administration and essential for the Simhastha, then this sacrifice must be made. I am satisfied that we are all doing this together,"" he said.He added that the gesture was meant to set an example for residents whose properties were also being affected by the project.""The entire state and the country are watching this. People are demolishing their homes willingly and happily, dedicating themselves to the cause so that others may benefit greatly,"" he said.Ujjain Municipal Corporation Chairperson Kalawati Yadav explained the scale of preparations underway for the upcoming religious gathering, as it is one of the biggest spiritual gatherings that happens once every 12 years.""In 2028, Ujjain will host the Simhastha Mela, one of the world's largest spiritual gatherings, held every 12 years on the banks of the Shipra River. Extensive preparations are underway, including around 29 kilometres of new ghats, a diversion project, dams and other infrastructure works to improve the city. With millions of devotees expected, road widening has become essential,"" she said.The road-widening initiative forms part of the broader infrastructure overhaul being undertaken in Ujjain to accommodate the massive influx of pilgrims expected during the Simhastha Mela in 2028.",A large group of people clashed with police in Ujjain at the spot where a portion of the Shahi Masjid was demolished as part of a road-widening project. The situation reportedly turned tense when some unidentified individuals began pelting stones in the area. Police personnel intervened to bring the situation under control and fired tear-gas shells to disperse the crowd.272 structures have been marked for demolition ahead of the Simhastha 2028 fair.,"https://static.toiimg.com/thumb/msid-134532328,imgsize-104803,width-400,height-225,resizemode-75/-.jpg"
"2,000 cops deployed, classes suspended for 10 days: Lovely Professional University protests spiral into violence - top developments",https://timesofindia.indiatimes.com/india/2000-cops-deployed-classes-suspended-for-10-days-lovely-professional-university-protests-spiral-into-violence-top-developments/articleshow/134530767.cms,"Rape claim, campus unrest and midnight clashes: What happened at LPU

Police deploy over 2,000 personnel

Clashes, arson and highway blockade

Rape case registered, SIT formed

LPU denies rape claim, releases students' video

Join conversation View All Comments → Share your thoughts in the comments Insightful Agree Disagree Skeptical Concerning Promising Worth Reading Big Development Post Comment Be respectful · TOI community guidelines

Congress attacks Punjab government

Poll Vote & Share your view What is the most critical issue that needs to be addressed by the university? Campus safety and security Mental health support for students Transparency in handling complaints Proper investigation of the alleged incident 3k+ users shared opinion today 5k+ users already voted today 3k+ users shared opinion today Share Opinion

NEW DELHI: Students of Lovely Professional University (LPU) in Punjab’s Phagwara went on a rampage on Sunday, vandalising property and blocking NH-44 during protests over claims that an outsider raped a female student on the university campus. The protests later turned violent as students clashed with police, damaged and set fire to vehicles, and pelted stones at security personnel. Several policemen were injured.The university has suspended regular classes for 10 days from September 28 and postponed mid-term examinations until further notice. Heavy police deployment has been made on the campus, while students have started leaving for their homes.Classes suspended, exams postponedFollowing the violence, LPU suspended regular classes for 10 days from September 28 and postponed mid-term examinations until further notice.The administration appealed to students to remain calm, follow official instructions and stay connected for further updates.Several rounds of talks between protesting students and the university management remained inconclusive.Vice Chancellor Sandhu assured students that their genuine grievances would be addressed.The protesters demanded that LPU Founder-Chancellor Ashok Mittal, who is also a BJP Rajya Sabha MP, visit the protest site and assure them that their concerns would be resolved. They also sought that access to the University Management System not be blocked and that students not be victimised for participating in the protest.A large police force led by ADGP M F Farooqui entered the LPU campus after the violence escalated. More than 2,000 personnel have been deployed to maintain security through the night, Farooqui said.“We will ensure security on the campus throughout the night... A force of over 2,000 personnel is currently deployed here. Law and order has been fully maintained and restored... The process is ongoing, and we are working to keep the situation under control. I cannot provide further details at this moment. To the families whose daughters are staying in the hostel here: please do not worry; everyone is safe... The atmosphere here is completely calm, and the university students are also cooperating with us in restoring peace. ..,” he said.Jalandhar Police Commissioner Satinder Singh said reports of disturbances in the hostels were rumours and that all hostels had been checked.“First of all, reports of disturbances in the hostels were merely rumours. All hostels have been checked, and there are no issues. Traffic has resumed, and the situation is normal. Other matters will be resolved through discussions with the students... Overall, the atmosphere is fine, and any minor issues will be addressed... Please inform the families that all students are safe and there is no cause for concern,” Singh said.DIG (Jalandhar Range) Naveen Singla also said the situation had been brought under control and that traffic movement on NH-44 would soon be restored.Punjab chief minister Bhagwant Mann has directed strict action against those responsible for the unrest at Lovely Professional University (LPU), the Chief Minister’s Office said.Mann also directed Director General of Police Gaurav Yadav to visit the spot and assess the situation.The protest began near Girls' Hostel-3 around 1 am on Sunday after students alleged that a female student had been raped by a plumber three days earlier. They also claimed the hostel warden had been informed but no action was taken.The protesters blocked NH-44 outside the university from around 8 am, causing long queues of stranded vehicles. Police later attempted to clear the blockade, but students allegedly threw water bottles at them and clashed with personnel.Police resorted to a mild lathi charge, following which students moved towards the campus and continued to pelt stones at police vehicles. Two police vehicles were set on fire, while four to five vehicles were damaged, according to Jalandhar Rural SSP Harvinder Singh Virk.Viral videos showed damaged property, vehicles and an ATM kiosk on the campus. Some students were also seen climbing onto a decommissioned MiG-23UM aircraft and a military tank installed on the premises.A truck driver, Vikas Yadav, said, “We have been stranded since 7 AM; there is no sign of things opening up yet... We are extremely distressed... We have had to abandon our vehicles and flee...”Police said an FIR had been registered against an unknown person based on a complaint by the students and a special investigation team had been formed.Singla said the girl was staying in Hostel No. 3 and had returned to her home after students alleged that no action had been taken on the matter. He said the investigation would involve student representatives.“We will analyse forensic samples, CCTV camera footage, call records, etc., before reaching a conclusion,” Singla said.The DIG also said students had demanded that the hostel staff comprise only women, adding that the management would address the demand.Asked about another death, Singla said a female student from Telangana studying at LPU had died by suicide 15 days earlier. “If the students say that there was foul play, action will be taken,” he said.LPU Vice Chancellor Jaspal Singh Sandhu said the university was not aware of any such rape incident but would cooperate with the investigation.LPU management has denied the rape allegations, with Registrar Monica Gulati saying certain “anti-social elements” were spreading “false, baseless and fabricated” claims.The university released a video featuring three female students identified as residents of Room No. 504 of the hostel. In the video, the students said no rape had taken place in their room and asked police and other students not to disturb them.Gulati introduced the video by saying, “I would like you to hear what the girls residing in room number 504 of GH3 told us.”The first student said, “So, we are the residents of room number 504. Nothing of that sort happened in our room; we have been living here for the past two months. Please, police and students, do not bother us. Nothing like that happened in our room, and we are not involved in this at all.”The second student said, “We have been extremely distressed today, and if we face further trouble, we will involve our parents. Please do not harass us.”The third added, “And the police should also stop coming to our room repeatedly; otherwise, we will call our parents.”Gulati later said, “The only conclusion to be drawn from all this is that anti-social elements and individuals with vested interests are behind this.”The opposition Congress criticised the AAP government over the law and order situation in Punjab.“What is happening at LPU is deeply concerning. If students have serious questions or concerns about any incident, they deserve transparent, impartial and time-bound answers, not rumours or suppression. The violence is a testament to the failed law and order situation in Punjab,” state Congress chief Amrinder Singh Raja Warring said.“NH-44 has been blocked since the morning, yet not a single representative from the AAP government has bothered to meet the students and hear their grievances,” Warring said.","Students of Lovely Professional University (LPU) in Punjab’s Phagwara went on a rampage on Sunday, vandalising property and blocking NH-44 during protests over claims that an outsider raped a female student. The protests later turned violent as students clashed with police, damaged and set fire to vehicles, and pelted stones at security personnel. More than 2,000 personnel have been deployed to maintain security through the night.","https://static.toiimg.com/thumb/msid-134530793,imgsize-167288,width-400,height-225,resizemode-4/file-photo.jpg"
"""I’m calling the cops"": Kai Cenat threatens to sue Reggie after serious allegations involving RaKai",https://timesofindia.indiatimes.com/world/us-streamers/im-calling-the-cops-kai-cenat-threatens-to-sue-reggie-after-serious-allegations-involving-rakai/articleshow/134609636.cms,"Kai Cenat (Image Via Getty)

Kai Cenat responds to Reggie’s allegations

RaKai denies Reggie’s claims as controversy grows

Kai Cenat has responded publicly after streamer Reginald “Reggie,” also known as “Lil Rodney Son,” made serious allegations involving him and fellow streamer RaKai. During a livestream, Reggie raised claims about RaKai and accused Kai of knowing about an alleged incident. RaKai has denied the allegations, while Kai has now threatened legal action against Reggie. The situation has quickly drawn attention across the streaming community, but the claims remain unverified, and there is no indication from the sources reviewed that a court has yet ruled on the matter.The dispute escalated after Reggie discussed the allegations during an Instagram livestream on September 30. His comments came amid a broader fallout involving the Clover Boys and his relationship with members of the streaming group.Kai responded directly to Reggie and challenged him to take the matter to law enforcement if he had evidence supporting his claims. He also said he had decided to pursue legal action.“This is so serious. This is what I want you to do, Reggie. Tomorrow, when you wake up, call the cops. Call the cops and show them the evidence. Because guess what? I’m calling the cops. Yeah. Yeah, I’m suing you, brother. I’m suing you, bro.”Kai said the controversy had gone beyond an argument between online personalities. He claimed the accusations were affecting his family and his future.“And I still have sympathy for you because I know you’re not yourself, bro. But it’s gone too far. You’re playing with my name. You’re playing with my family’s food. You’re playing with my future kids’ food. That’s how deep it goes.”Kai also explained that he had not originally intended to sue Reggie. According to Kai, his position changed as the allegations continued.“I would never do that to you. I would never. I would never do that to you, bro. I would never do that to you, bro. And when you said I was gonna sue you, I wasn’t even gonna sue you.”His comments represent a significant escalation in a dispute that had largely unfolded through livestreams and social media posts.RaKai has separately rejected Reggie’s allegations about his childhood. In a statement shared on X on September 29, RaKai said he had never been abused or inappropriately touched while growing up. He later repeated that denial during an Instagram Live session and urged people not to accept everything circulating online as fact.The allegations emerged after Reggie spoke publicly about his own claimed childhood abuse during an earlier livestream. He then brought RaKai and Kai Cenat into the wider discussion, leading to a rapid spread of clips across social media.The controversy has also drawn reactions from other creators. Some have declined to get involved, while others have urged caution as competing claims continue to circulate online. Agent 00, for example, previously described the situation as messy and said he did not want to add to the discussion.Kai later posted the brief message “Put you first” on X without explaining what prompted it. The post appeared shortly after his comments about the dispute and his stated intention to take legal action.For now, the central claims remain allegations rather than established facts. RaKai has denied the allegations involving him, and Kai has disputed Reggie’s statements by threatening a lawsuit. Whether legal proceedings actually follow will determine the next stage of the dispute.The episode also highlights how quickly personal conflicts among major streamers can move from private disagreements to public controversies. With millions of followers watching, livestream comments and social media clips can spread before the underlying claims have been independently established.",Kai Cenat has responded publicly after streamer Reggie made serious allegations involving him and fellow streamer RaKai. Kai challenged Reggie to take the matter to law enforcement if he had evidence supporting his claims. Kai has now threatened legal action against Reggie.,"https://static.toiimg.com/thumb/msid-134609714,imgsize-54292,width-400,height-225,resizemode-4/kai-cenat.jpg"
'Receiving necessary medical attention': Embassy updates on Indian pilot of Flydubai flight - top developments,https://timesofindia.indiatimes.com/world/middle-east/flydubai-flight-incident-netanyahu-says-israel-preparing-for-other-potential-threats-top-developments/articleshow/134595815.cms,"File photo: A FlyDubai plane is parked at the Dubai International Airport as smoke rises in the background after a drone struck a fuel tank

Netanyahu says pilot arrested, passengers helped stabilise plane

Indian embassy says injured pilot Smit Machchhar stable

Knife attack reported inside cockpit

Israel scrambles fighter jets

A flydubai flight from Dubai to Tel Aviv made an emergency landing in Saudi Arabia on Wednesday after an altercation between the pilots, raising fears of a possible hijacking and prompting Israel to scramble fighter jets.The aircraft, carrying over 160 Israeli passengers, landed safely in Tabuk, while an investigation into the incident is underway.Israeli Prime Minister Benjamin Netanyahu said the pilot who allegedly attacked the other pilot had been arrested and interrogated by Saudi authorities.He also said a second crew aboard the flight helped stabilise the aircraft after the incident. Israeli authorities have described the episode as a potentially serious security incident, while flydubai has said its teams are working with the relevant authorities.In a video posted by the Israeli Prime Minister's Office, Netanyahu gave a detailed account of what he said happened aboard the flight. He said that, as the aircraft approached Israel, one of the pilots stabbed the second pilot and apparently tried to crash the plane with everyone on board.Netanyahu said he had spoken to one of the Israeli passengers, who told him that the aircraft went into a spin and began to dive. According to Netanyahu, the passenger and one of the crew members managed to enter the cockpit and neutralise the pilot who had allegedly carried out the stabbing while he was trying to sabotage the aircraft's systems.Netanyahu said another flight crew member then entered the cockpit and helped stabilise the plane. He praised those involved, saying they showed “exceptional resourcefulness and courage” and had “saved many lives” and “prevented a huge disaster”.Netanyahu said the aircraft landed safely at Tabuk Airport in Saudi Arabia and that all passengers were out of danger. He said the pilot who carried out the stabbing had been arrested and was being interrogated by Saudi authorities.He also said Israel was maintaining contact with the relevant authorities to ensure the passengers' well-being and their safe return home. Netanyahu said he had instructed Israel's security services to prepare for additional potential threats and that situation assessments were continuing.Netanyahu praised the people aboard the aircraft who prevented what he described as a “major disaster”.The aircraft had transmitted an emergency alert around two and a half hours after departing Dubai, according to publicly available flight-tracking information.It then dropped sharply from about 33,000 feet to 17,000 feet within roughly a minute before making an erratic circle near the Jordanian border and later landing in Tabuk, according to Flightradar24.The Indian Embassy in Riyadh said Indian pilot Smit Machchhar, who was injured in the Flydubai flight incident and is being treated at a hospital in Saudi Arabia's Tabuk, is in stable condition.“Our Embassy in Riyadh and Consulate in Jeddah have been following the health condition of Mr Smit Machchhar, the brave Indian pilot of Flydubai flight that was diverted to Tabuk today,” the embassy said in a post on X.“He is admitted in a hospital in Tabuk city in northwest Saudi Arabia and receiving necessary medical attention. A full update on his health is awaited but he is reported to be in stable condition,” it said.The embassy said it was in touch with Machchhar's family and Saudi authorities and would continue to follow up on his health. “We hope that he recovers from his injuries at the earliest,” it said, assuring the family of “all possible assistance for his wellbeing”.Machchhar was reportedly one of the pilots involved in the cockpit altercation aboard Flydubai flight FZ 1073 from Dubai to Tel Aviv. Israeli authorities had earlier said a second crew member helped stabilise the aircraft after the incident, allowing it to make an emergency landing in Tabuk.An Israeli official told news agency AP that a fight broke out between the pilots and that one of them was armed with a knife. Reuters reported that the co-pilot was believed to have stabbed the captain before cabin crew entered the cockpit.Another regional official also said an altercation had taken place in the cockpit, although the cause of the fight was not immediately clear.The aircraft's captain and first officer were injured and taken to hospital, according to a statement from Prince Sultan bin Abdulaziz International Airport in Tabuk carried by Saudi state-run Al Ekhbariya television.Passengers told Israel's Channel 12 that they heard shouting from the front of the aircraft and that the plane then dipped sharply. A passenger's mother, speaking to AFP, said her daughter heard one pilot allegedly trying to kill the other with a knife and heard cries for help.Videos reviewed by AP showed two injured men on the floor of the aircraft, with others apparently providing medical assistance and guarding the cockpit.Israeli media reports said the suspected attacker attempted to take control of the aircraft and force it into a descent.Flydubai confirmed that flight FZ 1073, travelling from Dubai International Airport to Ben Gurion Airport, had experienced an incident and landed safely in Tabuk.“Our teams are working closely with the relevant authorities,” the airline said.Israel scrambled warplanes after concerns that the aircraft could have been hijacked, AP reported, citing officials. Netanyahu's office later said the situation was under control and that Israel was working to bring the passengers home.The Israel Airports Authority has opened a dedicated waiting and information area at Ben Gurion Airport for families of passengers on the flight.The area was set up in Terminal 1, with authorities saying representatives would provide families with information and assistance.Transport minister Miri Regev had asked the Civil Aviation Authority to investigate an alleged violation of the aviation agreement between Israel and the UAE. She also demanded that flydubai flights to Israel be suspended.The Times of Israel, cited by news agency ANI, reported that a second team of pilots in civilian clothes was aboard the aircraft and that they helped prevent one of the pilots from taking control of the plane. The report said the information had not been independently confirmed.As per Israel's Channel 12, the pilot who helped prevent the aircraft from crashing was of Indian origin, while the co-pilot was reportedly Omani. The nationality details have not been independently confirmed by Flydubai.Israeli authorities are also examining how the Omani national was cleared to operate a flight to Israel. Passengers are expected to be questioned by Israel's security establishment after returning to the country.Earlier, Netanyahu's office said the prime minister had held consultations and was monitoring the situation. “The incident is under control, and all measures are currently being deployed in order to return the Israeli passengers safely to Israel,” it said.The investigation remains underway, with the airline saying further updates would be issued once additional confirmed details become available.","Israeli Prime Minister Benjamin Netanyahu said the pilot who allegedly attacked the other pilot had been arrested and interrogated by Saudi authorities. Israeli authorities have described the episode as a potentially serious security incident. The aircraft, carrying over 160 Israeli passengers, landed safely in Tabuk, while an investigation into the incident is underway. Indian pilot Smit Machchhar, who was injured in the Flydubai flight incident, is in stable condition.","https://static.toiimg.com/thumb/msid-134596161,imgsize-192440,width-400,height-225,resizemode-4/flydubai-flight.jpg"
"'A hero': Trump hails Indian captain after Flydubai attack, calls co-pilot ‘perhaps a terrorist’",https://timesofindia.indiatimes.com/world/us/a-hero-trump-hails-indian-captain-after-flydubai-attack-calls-co-pilot-perhaps-a-terrorist/articleshow/134605863.cms,"“Terrorist or whack job”: Trump on flydubai co-pilot after mid-air attack

US says no credible threats after Flydubai incident

Indian captain helped passengers overpower attacker

US President Donald Trump has hailed Indian Flydubai captain Smit Machchhar as “a hero” after he was stabbed by his co-pilot during a mid-air attack on an Israel-bound flight.“In a way he was a hero,” Trump said of Machchhar, saying the badly wounded pilot still managed to open the cockpit door and call for help.Trump, while speaking about the incident, also described the co-pilot as “perhaps a terrorist or perhaps a whack job”, as the motive behind the attack remained under investigation.The Dubai-to-Tel Aviv Flydubai flight plunged thousands of feet during the confrontation in the cockpit, triggering panic among passengers. The aircraft was eventually diverted and landed safely in Saudi Arabia.US homeland security secretary Markwayne Mullin said there were currently “no credible threats” directed at the United States following the incident.“We have no credible threats to us right now. We take every incident like this very serious, and we continue to look at the procedures that we have in place and continue to make sure the American people are safe,” Mullin said, according to Fox News.The statement came as aviation authorities reviewed security procedures following the attack on the Flydubai flight.The captain was identified as Indian national Smit Machchhar, a seasoned pilot with more than 13 years of commercial aviation experience. He has around 9,750 flying hours, predominantly on Boeing 737 aircraft, and previously spent about 11 years with SpiceJet, where he served as a Line Training Captain, news agency ANI reported.Despite suffering serious stab wounds, Machchhar reportedly managed to open the cockpit door, allowing passengers and crew to enter and restrain the attacker.","US President Donald Trump hails Indian co-pilot Smit Machchhar as a hero after he was stabbed during a mid-air attack on an Israel-bound flight. Trump described the co-Pilot as “perhaps a terrorist or perhaps a whack job” The Dubai-to-Tel Aviv Flydubai flight plunged thousands of feet during the confrontation in the cockpit, triggering panic among passengers.","https://static.toiimg.com/thumb/msid-134605931,imgsize-89630,width-400,height-225,resizemode-4/captain-smit-machchhar-and-us-prez-trump.jpg"
Will take China help if Centre and Manipur fail to act: Naga group,https://timesofindia.indiatimes.com/city/guwahati/naga-group-warns-of-china-help-if-centre-manipur-fail-to-protect-community/articleshow/134600660.cms,"“If governments cannot protect vulnerable indigenous citizens, people may have to seek help from neighbours such as China,” said Southern Tangkhul Students’ Union president





GUWAHATI: Warning that neglect of Naga civilians in vulnerable Indo-Myanmar border areas could drive them to seek help from neighbouring countries, including China, a Tangkhul Naga student and civil-society group in Manipur on Tuesday demanded urgent action from the Centre and the state govt to ensure their security.“We are extremely tired at this juncture,” Tangkhul Aze Katamnao Long (TAKL), also known as Southern Tangkhul Students’ Union, president Yarchuiso Kashung said in Imphal.“If the Manipur govt and the govt of India are unwilling or unable to protect indigenous citizens, particularly those living in vulnerable border areas, people would have no option but to seek help from neighbouring countries such as China.”Kashung called for immediate action to protect Naga civilians and said, “If the chief minister is unable to protect the state and its people, he should voluntarily resign.”Expressing a sense of alienation among residents of border areas, he said, “When the Manipur state government doesn’t care, and the Central govt doesn’t care, then we, the people living in the border areas, feel like we are not part of Manipur, and not part of the central govt, not part of India.”Kashung cited recent killings of Naga civilians in Tamenglong, Senapati and Kamjong, including a 17-year-old Liangmei Naga boy, three Mao Naga civilians and four Tangkhul Naga civilians at Pilong in Kamjong, and demanded accountability.The statement comes amid continuing tensions linked to the Naga-Kuki-Zo conflict, which began in February and has claimed nearly 50 lives from both sides. Of these, 22 people — 11 from each side — were killed in the past month alone.","“If governments cannot protect vulnerable indigenous citizens, people may have to seek help from neighbours such as China,” said Southern Tangkhul Students’ Union president Yarchuiso Kashung. The statement comes amid continuing tensions linked to the Naga-Kuki-Zo conflict, which began in February.","https://static.toiimg.com/thumb/msid-134605989,imgsize-170956,width-400,height-225,resizemode-75/if-governments-cannot-protect-vulnerable-indigenous-citizens-people-may-have-to-seek-help-from-neighbours-such-as-china-said-southern-tangkhul-students-union-president.jpg"
"Wife locked in bedroom, leaking gas, missing caretaker: Ex-IAS officer Rakesh Agrawal’s murder in Bhopal home gets murkier",https://timesofindia.indiatimes.com/city/delhi/wife-locked-in-bedroom-gas-leak-bid-to-set-house-on-fire-ex-ias-officer-rakesh-agrawals-murder-gets-murkier-as-caretaker-goes-missing/articleshow/134606536.cms,"Nishi Agrawal found her husband Rakesh murdered in their home, with the caretaker Varun now a prime suspect





BHOPAL: In what could be a crucial piece of information amid the probe into the gruesome killing of retired IAS officer Rakesh Agrawal, his widow, Nishi, told police that she tried opening her bedroom door around 4.40 am on Wednesday, but found it locked from outside.The statement deepened the mystery around the killing after Amar, a cook employed by the family, told the cops that he spotted Varun, the 24x7 caretaker and now the absconding prime suspect, loitering outside the house around 1 am, adding that on being enquired, the latter said he came to check after hearing the sound of a door being opened.Amar said he retired to his room thereafter, while Varun proceeded towards Agrawal’s room.Nishi told the sleuths that on finding her bedroom door locked from outside, she informed Neetu, Amar’s wife who lives with him at the adjacent servants’ quarters. Neetu then informed her husband, who had a duplicate key to the house, the police said.Amar rushed in to find the main door, too, locked from outside, the sleuths said, adding that he opened it before unlocking the bedroom door.As they stepped out of the bedroom, they caught a strong whiff of leaking gas throughout the house.Proceeding to the kitchen to check, they found all LPG cylinder pipes disconnected. Amar quickly removed the cylinders to prevent a fire.They then went to Agrawal’s room, finding him in bed, the police said, adding as Nishi tried to nudge him awake, her hand was smeared with blood. She screamed aloud in horror, while Amar reached over to check for pulse. He didn’t find any.They then looked around for the caretaker but he had disappeared.ACP Ankita Khatarkar said the retired IAS officer had been discharged from hospital about 20 days ago, after recovering from a slipped disc-related condition.The sleuths, who swept the scene, said the LPG connecting pipes could well have been deliberately dislodged in a bid to set off a fire. In a crucial lead, police said the suspect was captured on a CCTV camera in Suraj Nagar around 2.15 am, appearing to be making an escape.The murder, according to the police, was likely committed sometime between 12.30 am and 2 am on Wednesday.The body, meanwhile, was sent for post-mortem and kept in a freezer at the mortuary after the procedure. Benumbed with shock after finding her husband murdered, Nishi experienced a sudden spike in blood pressure and was taken to a hospital.Ratibad police questioned the operator of the agency in Bag Sewania through which caretaker Varun was hired.According to the agency operator, Varun contacted him in Aug 2026 on a number he found online and later travelled to Bhopal from Patiala, Punjab. He told the operator that the phone number he was using belonged to his sister, police said, adding that he also submitted copies of his Aadhaar card, PAN card and police verification documents, added cops.","Nishi Agrawal found her husband Rakesh murdered in their home, with the caretaker Varun now a prime suspect. The statement deepened the mystery around the killing after Amar, a cook employed by the family, told the cops that he spotted Varun loitering outside the house around 1 am.","https://static.toiimg.com/thumb/msid-134606561,imgsize-84168,width-400,height-225,resizemode-75/retired-ias-rakesh-agrawal-murder-bhopal.jpg"
Man in WagonR with ‘POLICE’ sticker caught stealing plant from Delhi-Dehradun Expressway,https://timesofindia.indiatimes.com/city/lucknow/man-in-wagonr-with-police-sticker-caught-stealing-plant-from-delhi-dehradun-expressway/articleshow/134607545.cms,"Police said no complaint has been received in connection with the incident so far.

Poll Vote & Share your view What do you think should be the priority to prevent public property theft? Increased surveillance Community involvement Stronger laws and penalties Regular patrols by authorities 3k+ users shared opinion today 5k+ users already voted today 3k+ users shared opinion today Share Opinion





LUCKNOW: A CCTV video showing a man allegedly stealing a plant and loading it into a WagonR bearing a “POLICE” sticker on the Delhi-Dehradun Expressway in Uttar Pradesh’s Baghpat has gone viral on social media.The footage purportedly shows the person removing a plant from the roadside and placing it inside the car.The circumstances surrounding the incident are yet to be established.Police said no complaint has been received in connection with the incident so far.Baghpat Police said, “It is to be informed that, with regard to the aforementioned case, no information or written complaint has been received at Baraut Police Station so far. The concerned NHAI department has also not provided any information to Baraut Police Station regarding the said case. The police at the station are seeking information regarding the actual status of the case. Necessary legal action will be ensured based on the information received and the facts that come to light during the investigation. ”They added that the viral video is being verified and further action will be taken based on the findings.The incident comes months after a similar plant theft was reported in Uttar Pradesh, where nearly 7,000 potted plants worth around Rs 10 lakh were allegedly stolen within 24 hours of the inauguration of Rashtra Prerna Sthal.The plants were part of a Rs 60 lakh horticulture project carried out for the event in December 2025.Lucknow Development Authority (LDA) officials said the thefts began shortly after the programme concluded.People were allegedly seen removing flower pots and leaving the area in cars and on scooters. Several videos of the incident were circulated on social media.Following the thefts, the LDA deployed 30 security personnel around the site to protect the remaining plants.Police presence was also strengthened. In some stretches, the LDA began shifting pots to Lohia Park for safekeeping.",CCTV video shows a man allegedly stealing a plant and loading it into a WagonR bearing a ‘POLICE’ sticker. The circumstances surrounding the incident are yet to be established. Police said no complaint has been received in connection with the incident so far.,"https://static.toiimg.com/thumb/msid-134607868,imgsize-4903258,width-400,height-225,resizemode-75/police-said-no-complaint-has-been-received-in-connection-with-the-incident-so-far.jpg"
"Bombay HC stays Sachin Waze’s bail granted by special court, issues notice on NIA appeal",https://timesofindia.indiatimes.com/city/mumbai/bombay-hc-stays-wazes-release-on-bail-issues-him-notice-on-nia-appeal/articleshow/134600099.cms,"The Justice Kulkarni-led bench issued notice to Waze and posted the matter for hearing on Oct 7.





MUMBAI: Following two recusals, a third division bench of Bombay high court comprising Justices Girish Kulkarni and Neela Gokhale on Wednesday stayed the bail granted by a special NIA court to former police officer Sachin Waze in the five-year-old Antilia bomb scare and Mansukh Hiran murder case under anti-terror law UAPA.The Justice Kulkarni-led bench issued notice to Waze and posted the matter for hearing on Oct 7. Waze has spent 1,999 days in custody and is at the Thane central prison.On Feb 25, 2021, an explosives-laden SUV was found near Antilia. The NIA alleged Waze orchestrated the plot to extort wealthy individuals and project himself as a “super cop” after returning to the police force from a long suspension. Its case was that Waze allegedly used Hiran’s vehicle, fabricated theft proceedings, and planted gelatin sticks and a threat note in the vehicle. Hiran was allegedly murdered on March 4, 2021 because he knew of the conspiracy and could expose it. Waze was arrested later that month.When the matter originally came up on Wednesday as scheduled, it was listed before a division bench of Justices Bharti Dangre and Ashish Chavan. Justice Dangre asked if Waze was released or not as yet. Additional solicitor general Anil Singh for NIA said he was not.Justices Dangre and Chavan recused themselves from hearing the NIA appeal against the special trial court order of bail to Waze.Justice Dangre said she had already earlier -- in Sept 2024 -- recused and directed that Waze’s matter in the NIA case not be placed before a bench where she is a party. Her 2024 order was in a quashing plea filed by Waze.Justice Dangre said to the ASG, “We understand and appreciate your inconvenience” and expressed regret that the matter would now have to be placed before another bench.Justice Chavan—who was appointed as judge last year--too recused, saying he had as a lawyer appeared for CBI in a distinctly connected matter.On Tuesday, the HC division bench of Justices Sarang Kotwal and R R Bhonsale had recused itself when the ASG had mentioned the challenge and sought urgent hearing.After Wednesday’s recusal, the ASG mentioned the matter before HC Chief Justice Mahesh Chandra Tripathi to have it assigned before another bench since a few other judges on other benches too, as lawyers, appeared for Central agencies in the case. The CJ assigned the mater to Justice Kulkarni’s bench.On Tuesday, special NIA court judge Chakor S Baviskar, granting bail to Waze, had held there was “absolutely nothing on record” to infer that industrialist Mukesh Ambani or his family were ever terrorized and repeatedly questioned the lack of statements taken and dubbed as “quite hypothetical” the allegation of any demand made by Waze of money from the Ambanis. The judge observed the SUV containing gelatin sticks was parked near Shikharkunj building on Carmichael Road, and not directly opposite Antilia on Altamont Road.In its appeal, NIA before HC said the bail order was “erroneous and illegal,” passed without going into detailed facts and circumstances, and is “completely misplaced both, on facts and law.”The appeal said the special NIA court “completely ignored the rigours of Section 43 D of the Unlawful Activities (Prevention) Act while granting bail to the main accused (Waze) whose role is ‘central’ in character to the terror crime of this case.”Waze’s record is not “unblemished” as he submits, said the NIA, citing inquiries against him. The NIA said the “very substratum of the prosecution case is that, Waze after his reinstatement in police service after a long suspension, wanted to regain his clout.” Moreover, he was “under the compelling circumstances to collect Rs 100 crore per month from hoteliers and bar owners in Mumbai and territory, and in that process, he intended huge monetary gain for himself also and for that hatched a criminal conspiracy with other accused in this case and committed all the alleged offences. ”To allegedly execute his conspiracy to extort money from the wealthy, Waze “required a vehicle in which he could plant some explosives, park it in front of a residence of influential and wealthy industrialist or corporate tycoon and putting him under terror extort huge amounts for himself and to meet the alleged target given to him”, the NIA added.The Nia stressed Waze was in “search of easy and wealthy prey who would succumb to threat and provide any amount to avoid fatal consequence… and he chose the Ambani family.” The special NIA court said the day-to-day business of the Ambanis did not appear to have been disturbed “even for a minute” after the incident. The court said there was nothing to show whether any member of the family even came to know an explosives-laden vehicle had been parked near their residence.Justices Kulkarni and Gokhale will hear both sides on Oct 7.","HC stays bail granted by a special NIA court to former police officer Sachin Waze. Waze has spent 1,999 days in custody and is at the Thane central prison. The Justice Kulkarni-led bench issued notice to Waze and posted the matter for hearing on Oct 7.","https://static.toiimg.com/thumb/msid-134606326,imgsize-33474,width-400,height-225,resizemode-75/the-justice-kulkarni-led-bench-issued-notice-to-waze-and-posted-the-matter-for-hearing-on-oct-7.jpg"
"Gangotri National Park entry suspended after heavy rain, snowfall; routes to reopen in 2-3 days",https://timesofindia.indiatimes.com/city/dehradun/gangotri-national-park-entry-suspended-after-heavy-rain-snowfall-routes-to-reopen-in-2-3-days/articleshow/134606387.cms,"The park is expected to reopen to tourists and trekkers within two to three days once all routes are restored.





UTTARKASHI: Following heavy rainfall and snowfall in the high-altitude Himalayan region on September 26 and 27, the Gangotri National Park administration has suspended entry into the park area until further orders, citing the safety of tourists and trekkers.Mayank Garg, Deputy Director of Gangotri National Park, told TOI that the heavy rain and snow have made various trekking routes within the park—including Gangotri-Gaumukh-Tapovan, Gartang Gali, and Kedartal—hazardous; the paths have sustained damage in several places and are currently being repaired.The park is expected to reopen to tourists and trekkers within two to three days once all routes are restored.Entry into the park area will remain prohibited until further notice to ensure the safety of tourists and trekkers.Meanwhile, Manoj Rawat, Secretary of the Uttarkashi Trekking Association, expressed concern over the sudden closure of trekking routes.He noted that tourists are facing inconvenience, as many have made advance bookings, and trekking companies have already arranged for rations, equipment, and other essential supplies.He argued that the park administration should not impose restrictions on the safer, easier routes.","Following heavy rainfall and snowfall in the high-altitude Himalayan region, the Gangotri National Park administration has suspended entry into the park area. The park is expected to reopen to tourists and trekkers within two to three days once all routes are restored.","https://static.toiimg.com/thumb/msid-134606474,imgsize-147794,width-400,height-225,resizemode-75/the-park-is-expected-to-reopen-to-tourists-and-trekkers-within-two-to-three-days-once-all-routes-are-restored.jpg"
"‘Deep cut on neck’: Squabble over a book, teen slashes classmate in south Kolkata school",https://timesofindia.indiatimes.com/city/kolkata/teen-slashes-classmate-in-south-kolkata-school-victim-stable-after-surgery/articleshow/134602265.cms,"A boy whipped out a sharp object and attacked a classmate, who started bleeding profusely, triggering panic among the students (AI Imgae)

(Written with inputs from Dwaipayan Ghosh & Sumati Yengkhom in Kolkata)





KOLKATA: A 15-year-old Class IX student of a prominent south Kolkata school ended in hospital and underwent surgery after being slashed with a sharp object by a classmate inside the classroom during school hours on Wednesday.The injured teenager sustained deep cuts on his neck and multiple fingers of the left hand.According to a statement issued by the school, the incident took place around 12.29 pm in the presence of the class teacher while the class was in progress.A boy whipped out a sharp object and attacked a classmate, who started bleeding profusely, triggering panic among the students. Teachers immediately took the injured boy to the school infirmary, where nurses administered first aid before senior staff members took him to Ruby General Hospital and informed his parents.The boy who committed the assault was taken away from the classroom and counselled by school psychologists. Later, his father took him home. The school also filed a report with Gariahat police station.Additional Police Commissioner (crime) Kunal Agarwal said, “We have received a complaint from the school and are registering a case under appropriate sections of law. We have learned from the school authorities that the victim is now stable, and that the accused is an autistic child.”Ruby General Hospital said in a statement that the 15-year-old boy was first admitted to the hospital emergency. “After initial examination and resuscitation, he was taken to the OT. There was a deep laceration on the neck extending up to the face, with underlying muscle injury. Also, there was an extensor tendon injury of the left index finger along with cuts on multiple other fingers,” the statement said. “All the injuries were repaired and the patient is presently stable,” the hospital said after the surgery. The student is being treated by plastic and reconstructive surgeon Dipanjan Dey.According to teachers, the immediate trigger of the incident appears to be a squabble between the two boys over a book on Tuesday, which ended with the book getting torn. Some claimed the squabble had turned physical on Tuesday as well, but the teachers separated the two and ensured that both were counselled.After the surgery, the victim’s father told TOI, “I have not spoken to my son yet. When we dashed to the hospital, we saw a deep wound in the neck. He has been in this school since childhood. My younger child also studies in this school. He did not tell us about about any incident in school yesterday. He is usually very quiet. We are still processing this.”South Point High School in a statement said, “The incident has caused considerable distress and shock among the pupils, teachers, staff, and the wider school community. The school is deeply concerned about the physical and emotional well-being of everyone affected by the incident, particularly the children who witnessed or were otherwise impacted by what happened.”The statement added, “The school will take all necessary steps to address the emotional and psychological impact of the incident. The school remains committed to ensuring a safe, caring, and supportive environment for all its pupils and staff while dealing with the aftermath of this unfortunate incident.”A senior school official, who requested anonymity, said, “We will investigate and take not only corrective action but preventive action as well.”",A 15-year-old Class IX student of a prominent south Kolkata school ended in hospital and underwent surgery after being slashed with a sharp object by a classmate. The injured teenager sustained deep cuts on his neck and multiple fingers of the left hand. The boy who committed the assault was taken away from the classroom and counselled by school psychologists.,"https://static.toiimg.com/thumb/msid-134606718,width-400,height-225,resizemode-75/a-boy-whipped-out-a-sharp-object-and-attacked-a-classmate-who-started-bleeding-profusely-triggering-panic-among-the-students-ai-imgae.jpg"
"Over 100 hearings, 22 witnesses: Wife, lover convicted in Meerut ‘blue drum’ murder case; sentencing on Oct 14",https://timesofindia.indiatimes.com/city/meerut/wife-lover-convicted-in-meerut-blue-drum-murder-case-sentencing-on-oct-14/articleshow/134600090.cms,"The verdict came after more than 100 hearings and examination of 22 witnesses





MEERUT: A district and sessions court in Meerut on Wednesday convicted Muskan Rastogi and her lover Sahil Shukla of murdering Muskan’s husband, merchant navy officer Saurabh Rajput, dismembering his body and concealing it in a blue plastic drum filled with cement in March 2025.The verdict came after more than 100 hearings and examination of 22 witnesses, with the court fixing Oct 14 for the pronouncement of the sentence.Prosecution lawyer K K Chaubey said district and sessions judge Arvind Kumar Mishra found both accused guilty of murder and destruction of evidence. Muskan and Sahil appeared before the court through video conferencing. “The court observed that the crime falls into a category that not only shreds the fabric of society but also strikes at the foundation of the husband-wife relationship,” Chaubey said. He added that when the court asked the two to make submissions on the sentence, they said they had nothing to say.Rajput’s mother, Renu Devi , was present at the court when the verdict was pronounced. “We have waited for this day for the last 18 months. We want nothing less than capital punishment for both,” she said.The case dated back to March 2025, when Muskan and Sahil killed Rajput, chopped his body into pieces, and placed the remains in a blue plastic drum filled with cement in an attempt to conceal the crime.The case came to light on March 17 after a foul smell began emanating from the drum, leading to the discovery of the body and subsequent investigation.Muskan and Sahil were arrested following the discovery and remained in custody during the trial. The gruesome manner in which Rajput’s body was concealed led to the case becoming widely known as the “blue drum murder case”. The court will hear the matter on sentencing on Oct 14.Feb 24-25, 2025: Saurabh Rajput returns to Meerut from London; Muskan’s birthday celebrated next dayMarch 4: Muskan, Sahil drug Saurabh, stab him to death, dismember body; remains packed in blue drum with cement; duo leaves for Himachal PradeshMid-March: Muskan tells maternal family about murder; police case follows; remains recovered from drum on Mar 17March 18, 2025: Muskan, Sahil arrestedMarch 19, 2025: Court sends duo to 14-day judicial custodyMay 12, 2025: Police file nearly 1,000-page chargesheet; around 34 witness statements; murder, destruction-of-evidence chargesNov 24, 2025: Muskan gives birth to girl while in custody; mother, newborn shifted to women’s barrack; Saurabh’s family seeks DNA test for paternityMar 2025-Sept 2026: Trial spans around 13 months; 22 witnesses examinedSept 17, 2026: Final arguments conclude; prosecution seeks death penalty for bothSept 30: Muskan, Sahil convicted of murder, destruction of evidence; sentencing fixed for Oct 14",The verdict came after more than 100 hearings and examination of 22 witnesses. The court will hear the matter on sentencing on Oct 14. The gruesome manner in which Rajput’s body was concealed led to the case becoming widely known as the ‘blue drum murder case’,"https://static.toiimg.com/thumb/msid-134607698,imgsize-83853,width-400,height-225,resizemode-75/meerut-blue-drum-murder.jpg"
Pilot who 'never planned to fly': Mumbaikar Smit Machchhar's journey from textile course to saving 180 lives on flydubai flight,https://timesofindia.indiatimes.com/city/mumbai/pilot-who-never-planned-to-fly-mumbaikar-smit-machchhars-journey-from-textile-course-to-saving-180-lives-on-flydubai-flight/articleshow/134607438.cms,"Captain Smit Machchhar managed to regain control of a flydubai aircraft after a co-pilot attacked him

From textile engineering to cockpit

From SpiceJet to flydubai

The flight that plunged thousands of feet





MUMBAI: Captain Smit Machchhar never grew up dreaming of flying planes. In fact, when he was 19, his career path appeared to be taking him in an entirely different direction — towards his family's textile business.An aviation seminar during a management course changed that.More than a decade later, the Mumbaikar found himself at the controls of a flydubai Boeing 737 MAX during one of the most terrifying moments of his flying career — after his co-pilot allegedly attacked him in the cockpit as the aircraft was carrying 174 passengers from Dubai to Tel Aviv.Despite being injured, Machchhar is reported to have fought back and helped prevent the aircraft from plunging further. The plane had dropped thousands of feet in a matter of seconds before passengers and crew intervened and the aircraft was eventually diverted to Saudi Arabia.Israeli Prime Minister Benjamin Netanyahu later identified Machchhar as the captain and praised his actions, saying he had helped prevent a major disaster.Machchhar's journey into aviation was anything but conventional.In a podcast interview recorded around a year before the incident, he recalled that becoming a pilot was not a childhood ambition.After school, he initially enrolled in a textile engineering course because he expected to eventually contribute to his family's business.He later opted for a management course to prepare himself for the business.It was during that course, when he was just 19, that he attended an aviation seminar.""Unlike a lot of other aviators right now, aviation was not like a childhood dream,"" Machchhar said in the interview.The seminar changed his plans.His decision to enter aviation initially worried his mother.""My mom was scared,"" he recalled, explaining that commercial aviation was far less familiar to people around him 15-17 years ago. His father, however, was more comfortable with his decision.Machchhar subsequently completed his commercial pilot training in New Zealand before obtaining his Boeing 737 type rating at the Flight Safety Training Centre (FSTC) in Manesar, Gurgaon.Machchhar joined SpiceJet in 2011 and spent more than a decade with the airline, eventually becoming a senior commander and Line Training Captain.According to his professional profile, he accumulated more than 9,500 flying hours with SpiceJet, including over 6,400 hours as pilot-in-command. As a Line Training Captain, he was responsible for training, assessing and mentoring other pilots while ensuring adherence to operational and safety procedures.He moved to flydubai in June 2022 as a direct-entry captain and has since been flying the Boeing 737 fleet.His profile lists more than 9,750 hours of flying experience and experience on the Boeing 737-800 and Boeing 737 MAX 8/9.A senior pilot who had trained Machchhar previously described him as a ""very decent and sober person"" who was always willing to learn.Machchhar's brother is also a pilot with flydubai.The flydubai flight was carrying 174 passengers, including 166 Israeli citizens, when the incident unfolded.According to flight-tracking data, the Boeing 737 MAX descended from roughly 30,875 feet to 16,750 feet in just 29 seconds. Flightradar24 recorded an extreme descent rate of around 30,000 feet per minute.Reports said the Omani co-pilot attacked Machchhar with a knife. The captain was injured but managed to resist while the aircraft was in danger of losing control.Passengers and crew eventually entered the cockpit and subdued the attacker.The aircraft was then diverted and landed at Tabuk in Saudi Arabia. Two additional pilots who had been travelling as passengers were also on board and later took over the aircraft.The severity of the descent surprised aviation experts. Former United Airlines pilot and aviation safety expert Steve Arroyo said he was surprised the aircraft remained intact after the extreme manoeuvre, while aviation investigator Jeff Guzzetti said the aircraft had enough altitude left for the pilots to recover.The aircraft also reportedly suffered damage to its rudder during the descent.",Captain Smit Machchhar managed to regain control of a flydubai aircraft after a co-pilot attacked him. The plane had dropped thousands of feet in a matter of seconds before passengers and crew intervened and the aircraft was eventually diverted to Saudi Arabia. Israeli Prime Minister Benjamin Netanyahu later identified the captain and praised his actions.,"https://static.toiimg.com/thumb/msid-134607477,imgsize-96991,width-400,height-225,resizemode-75/captain-smit-machchhar-managed-to-regain-control-of-a-flydubai-aircraft-after-a-co-pilot-attacked-him.jpg"
Why ‘kaun se wale papa’ remark led to man’s conviction,https://timesofindia.indiatimes.com/city/delhi/kaun-se-wale-papa-was-no-casual-taunt-insulted-womans-modesty-delhi-court/articleshow/134599722.cms,"The court said every rude or offensive remark addressed to a woman would not automatically constitute an offence under Section 509 IPC (AI Image)

“Dekho papa aa gaye, don’t cry.”

“Kaun se wale papa aa gaye?”





NEW DELHI: A Delhi court has convicted a man for insulting a woman’s modesty over a seemingly casual remark, “Kaun se wale papa?”, made when she told her three-year-old daughter that her father had arrived to pick them up from school. Though the two had no prior dispute, the court held that the remark implied the woman had multiple partners and questioned the child’s paternity.Judicial magistrate first class Moksha Bains, in a Sept 24 judgment, said the remark was not an innocuous inquiry about the child’s father but carried an insinuation about the woman’s sexual propriety and fidelity. “The expression, when addressed to a woman in the aforesaid setting, is not an innocuous inquiry as to the identity of a person,” the judge observed, adding that its “obvious insinuation” was that there could be more than one man who could be described as the child’s father.The case dates back to March 23, 2021, when Priyanka Gupta was walking with her three-year-old daughter near RBI Enclave Gate in Paschim Vihar. As the child cried, Gupta told her,Girdhari Lal, who ran a clothes ironing cart at a street corner, then allegedly interjected,Gupta initially ignored the remark and, about two minutes later, handed over the child to her husband after he arrived in a car.She later informed her father-in-law, who called the police, following which an FIR was registered at Paschim Vihar East police station under Section 509 IPC.In his statement under Section 313 CrPC, Lal admitted making the remark but claimed it was not made with any “ill intention”. He also alleged false implication, with the defence arguing that Gupta wanted him removed from the street corner where he had run his ironing business for seven years.Rejecting the defence, the court observed: “The explanation offered by the accused that the words were spoken without ‘ill intention’ is a bare assertion. No surrounding circumstance has been brought on record from which the remark could reasonably acquire an innocent meaning.”The court said every rude or offensive remark addressed to a woman would not automatically constitute an offence under Section 509 IPC, as the insult must have the requisite nexus with her modesty. In this case, however, it held that the remark was personally directed at Gupta and made immediately after she referred to her child’s father, carrying a sexually derogatory insinuation concerning her relationship with men and the child’s paternity.The court held that the prosecution had proved its case beyond reasonable doubt and convicted Lal under Section 509 IPC.","A Delhi court has convicted a man for insulting a woman’s modesty over a seemingly casual remark. Priyanka Gupta told her three-year-old daughter that her father had arrived to pick them up from school. Girdhari Lal, who ran a clothes ironing cart at a street corner, then allegedly interjected, “Kaun se wale papa aa gaye?”","https://static.toiimg.com/thumb/msid-134607280,imgsize-156181,width-400,height-225,resizemode-75/the-court-said-every-rude-or-offensive-remark-addressed-to-a-woman-would-not-automatically-constitute-an-offence-under-section-509-ipc-ai-image.jpg"
Hyderabad woman Sandhya Reddy becomes mayor of Sydney council,https://timesofindia.indiatimes.com/city/hyderabad/hyderabad-woman-sandhya-reddy-becomes-mayor-of-sydney-council/articleshow/134584436.cms,"Sandhya Reddy, originally from Hyderabad, has become the mayor of Strathfield Council in Sydney





HYDERABAD: A Hyderabad-origin woman, Sandhya Reddy, was elected mayor of Strathfield Council in Sydney, Australia, on Tuesday. According to members of the migrant community, she is the first Indian-born migrant woman to serve as a mayor in Australia.Affectionately known as Sandy, Reddy began her journey with the State Emergency Service in 2014 and was elected to the Strathfield Council as an independent councillor in 2021. In 2023, she was elected deputy mayor of the council.A lawyer by profession, Reddy was born and raised in Hyderabad, where she also pursued her education before moving to Australia in 2005. She has been living in the country ever since.Members of the Indian community in Australia hailed her achievement, describing it as both ""symbolic and significant"" for the country's multicultural communities.","Sandhya Reddy, originally from Hyderabad, has become the mayor of Strathfield Council in Sydney. She is the first Indian-born migrant woman to serve as a mayor in Australia. Reddy began her journey with the State Emergency Service in 2014.","https://static.toiimg.com/thumb/msid-134584540,imgsize-101413,width-400,height-225,resizemode-75/sandhya-reddy-originally-from-hyderabad-has-become-the-mayor-of-strathfield-council-in-sydney.jpg"
